,station_id,project,date,sampling_bout,gear,sample_grp,station,location,replicate,primers,category,Atl_croaker_(nibea98),Bay_anchovy,Black_drum_or_Spot,Black_sea_bass,Brd_striped_anchovy,Little_tunny_or_skipjack_tuna,Nor_sea_robin,Scup,Smallmouth_flounder,Southern_kingfish(nibea95),Str_sea_robin,Summ_flounder,Summ_flounder99a,Weakfish_Cyn,Windowpane_flounder,Am_butterfish,Atl_chub_mackerel,Frigate_or_bullet_tuna,Giant_trevally99,Hogchoker_trinectes,Nor_kingfish,Red_White_or_Spotted_hake,Spanish_mackerel,Tautog,Thread_herring,Atl_menhaden_LS16_or_river_herrings,Cobia,Cunner,Am_conger,Atl_or_nor_sand_lance,Bluefish,Silver_anchovy,Seaboard_goby,Nor_puffer,Silver_perch(nibea93),Sturgeon,Crested_blenny_refseq_not_full_length,Str_burrfish,Dwarf_goatfish,Fourspot_flounder,Nor_sennet95,Tuna_sp,Atl_moonfish,Atl_silverside,Gulf_stream_flounder,Str_cusk_eel,Nor_stargazer,Grey_triggerfish,Nor_pipefish,Planehead_filefish,Rough_scad,Str_killifish,Mummichog,Rough_silverside94,Sheepshead_minnow,Str_bass,White_mullet,Am_eel,Red_eye_round_herring,Inshore_lizardfish,Atl_mackerel,Flathead_grey_mullet,Silver_hake,Winter_or_Yellowtail_flounder,Atl_herring,Atl_cod,Am_gizzard_shad,Fourspine_stickleback,Catfish_sp,White_perch,Whitefish_Cor,Pac_sand_lance,White_catfish,Atl_salmon,Longitude,Latitude,Surface_Temp,Bottom_Temp,Surface_Salinity,Bottom_Salinity,temp_strat,salt_strat
0,NJOT_Feb_24_10,NJOT,2/1/24,Feb_24,edna,Trawl,10,B,1,bony,1,0.0,0.021454037,0.040536508,0.0,0.0,0.0,0.013349877,0.0,0.024767948,0.006894819,0.0,0.084810981,0.0,0.0,0.12961945,0.0,0.0,0.0,0.0,0.0,0.005135776,0.017810306,0.0,0.0,0.0,0.507750781,0.0,0.0,0.0,0.006203766,0.0,0.0,0.0,0.0,0.0,0.0,0.0,0.0,0.0,0.0,0.0,0.0,0.0,0.047572678,0.0,0.0,0.0,0.0,0.0,0.0,0.0,0.0,0.0,0.0,0.0,0.011041133,0.0,0.0,0.0,0.0,0.052991158,0.010271552,0.019537937,0.000251292,0.0,0.0,0.0,0.0,0.0,0.0,0.0,0.0,0.0,0.0,-74.568,38.874,5.956091127593395,5.913677412131941,30.449175843906165,30.469611970917377,0.0424137154614543,0.0204361270112123
1,NJOT_Feb_24_11,NJOT,2/1/24,Feb_24,edna,Trawl,11,B,1,bony,1,0.0,0.0133877,0.009241067,0.0,0.0,0.0,0.028127993,0.0,0.054103686,0.0,0.0,0.009626112,0.016941957,0.0,0.120489303,0.000720724,0.0,0.0,0.0,0.0,0.0,0.010021029,0.0,0.013575286,0.0,0.616979474,0.0,0.0,0.0,0.0,0.0,0.0,0.0,0.0,0.0,0.006486519,0.0,0.0,0.0,0.0,0.0,0.0,0.0,0.014355248,0.0,0.0,0.0,0.0,0.0,0.0,0.0,0.0,0.0,0.0,0.0,0.0,0.0,0.0,0.0,0.0,0.061162834,0.0,0.024781068,0.0,0.0,0.0,0.0,0.0,0.0,0.0,0.0,0.0,0.0,0.0,-74.618,38.724,6.265040183701281,6.349604392799629,30.64721985954744,30.878289954240135,0.0845642090983478,0.2310700946926971
2,NJOT_Feb_24_12,NJOT,2/1/24,Feb_24,edna,Trawl,12,B,1,bony,1,0.030300725,0.01137466,0.013219714,0.02664866,0.0,0.0,0.064405684,0.02096133,0.0,0.006124817,0.0,0.032469138,0.0,0.0,0.164323892,0.017499477,0.0,0.0,0.0,0.0,0.0,0.042721549,0.0,0.0,0.0,0.376219733,0.0,0.0,0.0,0.0,0.0,0.0,0.025469347,0.0,0.0,0.0,0.0,0.0,0.0,0.0,0.0,0.0,0.0,0.148935766,0.0,0.0,0.0,0.0,0.0,0.0,0.0,0.0,0.0,0.0,0.0,0.019325509,0.0,0.0,0.0,0.0,0.0,0.0,0.0,0.0,0.0,0.0,0.0,0.0,0.0,0.0,0.0,0.0,0.0,0.0,-74.672,38.728,6.141931400277886,6.000855326662392,30.286460281795133,30.50154996592557,0.1410760736154941,0.2150896841304366
3,NJOT_Feb_24_13,NJOT,2/1/24,Feb_24,edna,Trawl,13,B,1,bony,1,0.002776513,0.020035317,0.002676558,0.003509512,0.0,0.0,0.0,0.00506436,0.015581791,0.0,0.0,0.011550294,0.004231406,0.003320709,0.128852412,0.006585889,0.0,0.0,0.0,0.0,0.0,0.09403494,0.0,0.0,0.0,0.591430571,0.0,0.0,0.001577059,0.0,0.0,0.0,0.0,0.0,0.003742739,0.0,0.0,0.0,0.0,0.0,0.0,0.0,0.0,0.026487933,0.0,0.0,0.0,0.0,0.0,0.0,0.0,0.0,0.0,0.0,0.0,0.007963039,0.0,0.0,0.0,0.001643696,0.032551837,0.0,0.005586344,0.003753845,0.027043236,0.0,0.0,0.0,0.0,0.0,0.0,0.0,0.0,0.0,-74.928,38.905,5.5638576297406885,5.5912108158913565,30.637450705348865,30.59531948441968,0.0273531861506679,0.0421312209291855
4,NJOT_Feb_24_14,NJOT,2/1/24,Feb_24,edna,Trawl,14,B,1,bony,1,0.01625718,0.040471536,0.004414639,0.000487174,0.0,0.0,0.001678044,0.0,0.037752985,0.000421015,0.0,0.037758999,0.024912038,0.000926232,0.063873936,0.000342826,0.0,0.0,0.0,0.0,0.0,0.14885875,0.0,0.0,0.0,0.157844405,0.0,0.0,0.0,0.000565363,0.000445073,0.0,0.002201305,0.0,0.005082248,0.0,0.0,0.0,0.0,0.0,0.000234565,0.0,0.0,0.012486091,0.0,0.0,0.0,0.0,0.382997023,0.0,0.0,0.0,0.0,0.0,0.0,0.038005593,0.0,0.00077587,0.0,0.0,0.008853337,0.000402971,0.003488407,0.000553334,0.007909061,0.0,0.0,0.0,0.0,0.0,0.0,0.0,0.0,0.0,-74.969,38.843,5.4514337983688215,5.624358567910724,29.02396680717238,30.008846895396747,0.1729247695419022,0.9848800882243688
5,NJOT_Feb_24_15,NJOT,2/1/24,Feb_24,edna,Trawl,15,B,1,bony,1,0.007542511,0.06249509,0.007430271,0.000437735,0.0,0.0,0.000202032,0.0,0.039845109,0.0,0.0,0.047544756,0.014422807,0.11036534,0.131634772,0.002761098,0.0,0.0,0.0,0.0,0.0,0.133879567,0.0,0.0,0.0,0.213603457,0.0,0.0,0.0,0.0,0.0,0.0,0.002166227,0.0,0.003232505,0.0,0.0,0.0,0.0,0.0,0.0,0.0,0.0,0.023098939,0.0,0.0,0.0,0.0,0.133251024,0.0,0.0,0.0,0.0,0.0,0.0,0.037948257,0.0,0.0,0.0,0.0,0.007576183,0.0,0.01335653,0.0,0.007205792,0.0,0.0,0.0,0.0,0.0,0.0,0.0,0.0,0.0,-75.003,38.798,5.568684049685606,5.0166511487150585,25.406462324961367,29.838333494402363,0.5520329009705476,4.431871169440996
6,NJOT_Feb_24_16,NJOT,2/1/24,Feb_24,edna,Trawl,16,B,1,bony,1,0.009928524,0.08070373,0.0,0.0,0.0,0.0,0.0,0.0,0.055974351,0.0,0.0,0.054606881,0.011996966,0.012594516,0.156856887,0.0,0.0,0.0,0.0,0.0,0.0,0.140998828,0.0,0.0,0.0,0.359460826,0.0,0.0,0.0,0.0,0.004412677,0.0,0.0,0.0,0.0,0.0,0.0,0.0,0.0,0.0,0.0,0.0,0.0,0.014214796,0.0,0.0,0.0,0.0,0.020845303,0.0,0.0,0.0,0.0,0.0,0.0,0.021488819,0.0,0.0,0.0,0.0,0.026004918,0.0,0.02047758,0.0,0.009434396,0.0,0.0,0.0,0.0,0.0,0.0,0.0,0.0,0.0,-74.806,38.78,5.839688294891533,5.689212152406012,29.99212559189994,30.134361684288475,0.1504761424855214,0.1422360923885364
7,NJOT_Feb_24_17,NJOT,2/1/24,Feb_24,edna,Trawl,17,B,1,bony,1,0.0,0.0,0.0,0.0,0.0,0.0,0.0,0.0,0.0,0.0,0.0,0.283855841,0.0,0.0,0.19472072,0.0,0.0,0.0,0.0,0.0,0.0,0.044246114,0.0,0.0,0.0,0.280565745,0.0,0.0,0.0,0.0,0.0,0.0,0.0,0.0,0.0,0.0,0.0,0.0,0.0,0.0,0.0,0.0,0.0,0.0,0.0,0.0,0.0,0.0,0.176039027,0.0,0.0,0.0,0.0,0.0,0.0,0.0,0.0,0.0,0.0,0.0,0.020572552,0.0,0.0,0.0,0.0,0.0,0.0,0.0,0.0,0.0,0.0,0.0,0.0,0.0,-74.655,38.974,5.716317332044432,5.635537131400707,30.330456307791195,30.343290774990997,0.0807802006437254,0.0128344671997986
8,NJOT_Feb_24_18,NJOT,2/1/24,Feb_24,edna,Trawl,18,B,1,bony,1,0.0,0.039378362,0.007680662,0.000752671,0.0,0.0,0.002215247,0.002386308,0.009767613,0.0,0.0,0.037154563,0.007595132,0.009562339,0.115132958,0.000487525,0.0,0.0,0.0,0.0,0.0,0.024701284,0.0,0.002266565,0.0,0.552913605,0.0,0.0,0.0,0.0,0.0,0.0,0.0,0.0,0.0,0.0,0.003438337,0.0,0.0,0.0,0.0,0.0,0.0,0.143400874,0.0,0.0,0.0,0.002660007,0.0,0.0,0.0,0.0,0.006124002,0.0,0.0,0.002694219,0.0,0.0,0.0,0.0,0.024735496,0.002138269,0.000846755,0.0,0.001967208,0.0,0.0,0.0,0.0,0.0,0.0,0.0,0.0,0.0,-74.743,39.046,5.649795878905556,5.595072893197624,30.33386762442744,30.335781992514494,0.0547229857079321,0.001914368087057
9,NJOT_Feb_24_19,NJOT,2/1/24,Feb_24,edna,Trawl,19,B,1,bony,1,0.0,0.044625653,0.0,0.00664375,0.0,0.0,0.0,0.0,0.055585529,0.0,0.0,0.045920491,0.0,0.014952291,0.100380744,0.026497927,0.0,0.0,0.0,0.0,0.0,0.000477857,0.0,0.0,0.0,0.339324526,0.0,0.0,0.0,0.0,0.0,0.0,0.0,0.0,0.0,0.0,0.0,0.0,0.0,0.0,0.0,0.0,0.0,0.261171828,0.0,0.0,0.0,0.0,0.0,0.0,0.0,0.0,0.0,0.0,0.0,0.015183512,0.0,0.0,0.0,0.0,0.089235892,0.0,0.0,0.0,0.0,0.0,0.0,0.0,0.0,0.0,0.0,0.0,0.0,0.0,-74.732,39.06,5.517047808032962,5.507757606996503,30.215508951383743,30.21511765704366,0.0092902010364595,0.0003912943400834
10,NJOT_Feb_24_2,NJOT,2/1/24,Feb_24,edna,Trawl,2,B,1,bony,1,0.0,0.134381252,0.027807945,0.012746499,0.0,0.0,0.021606173,0.008373821,0.0,0.025635896,0.0,0.036124607,0.01689054,0.0,0.118405259,0.01128894,0.0,0.0,0.0,0.0,0.0,0.010002858,0.0,0.0,0.00634467,0.28593884,0.0,0.0,0.0,0.001971992,0.0,0.0,0.0,0.0,0.006516147,0.013603887,0.0,0.0,0.0,0.0,0.009202629,0.0,0.0,0.036953415,0.0,0.0,0.0,0.0,0.0,0.0,0.0,0.006030294,0.0,0.0,0.0,0.022577879,0.0,0.0,0.0,0.0,0.013775364,0.067362103,0.0,0.0,0.106458988,0.0,0.0,0.0,0.0,0.0,0.0,0.0,0.0,0.0,-73.976,39.955,6.075049670212529,6.012195060645729,28.076028042876743,30.31273966501648,0.0628546095668003,2.2367116221397367
11,NJOT_Feb_24_20,NJOT,2/1/24,Feb_24,edna,Trawl,20,B,1,bony,1,0.0,0.0,0.013252454,0.0,0.0,0.0,0.0,0.0,0.157266439,0.0,0.0,0.032092752,0.025339529,0.0,0.127071163,0.000328697,0.0,0.0,0.0,0.0,0.0,0.07450957,0.0,0.0,0.0,0.240874931,0.0,0.0,0.0,0.0,0.0,0.0,0.0,0.0,0.0,0.0,0.0,0.0,0.0,0.0,0.0,0.0,0.0,0.155144851,0.0,0.0,0.0,0.0,0.0,0.0,0.0,0.0,0.0,0.0,0.0,0.0,0.0,0.0,0.0,0.0,0.157281379,0.0,0.016838236,0.0,0.0,0.0,0.0,0.0,0.0,0.0,0.0,0.0,0.0,0.0,-74.336,39.228,6.313945446653936,6.091438302465959,30.20516690517059,30.263573003144256,0.2225071441879764,0.0584060979736662
12,NJOT_Feb_24_21,NJOT,2/1/24,Feb_24,edna,Trawl,21,B,1,bony,1,0.0195687,0.024276032,0.0,0.011534196,0.0,0.0,0.0,0.017769563,0.040492914,0.0,0.0,0.0,0.0,0.0008626,0.14267406,0.041182994,0.0,0.0,0.0,0.038570548,0.016660505,0.049932224,0.0,0.0,0.0,0.346913124,0.0,0.0,0.0,0.0,0.0,0.0,0.0,0.0,0.021367837,0.0,0.0,0.0,0.0,0.0,0.0,0.0,0.0,0.073592113,0.0,0.0,0.0,0.0,0.036796057,0.0,0.0,0.0,0.0,0.0,0.0,0.044781269,0.0,0.0,0.0,0.0,0.073025262,0.0,0.0,0.0,0.0,0.0,0.0,0.0,0.0,0.0,0.0,0.0,0.0,0.0,-73.989,39.393,6.775392148157828,6.471025572089991,30.839664568300257,30.94555862606693,0.3043665760678369,0.1058940577666724
13,NJOT_Feb_24_22,NJOT,2/1/24,Feb_24,edna,Trawl,22,B,1,bony,1,0.0,0.022683904,0.0,0.0,0.0,0.0,0.009554654,0.018867417,0.026164431,0.0,0.0,0.095224017,0.0,0.0,0.131991292,0.0,0.0,0.0,0.0,0.0,0.033676459,0.017187626,0.0,0.0,0.0,0.214811729,0.0,0.0,0.0,0.0,0.0,0.0,0.0,0.0,0.0,0.0,0.0,0.0,0.0,0.0,0.0,0.0,0.0,0.001760421,0.0,0.0,0.0,0.0,0.0,0.0,0.0,0.0,0.0,0.0,0.0,0.0,0.0,0.0,0.0,0.0,0.390491037,0.037587013,0.0,0.0,0.0,0.0,0.0,0.0,0.0,0.0,0.0,0.0,0.0,0.0,-73.964,39.596,6.671348816154804,6.472363810497502,30.4152172495298,30.94059266249522,0.1989850056573026,0.525375412965424
14,NJOT_Feb_24_24,NJOT,2/1/24,Feb_24,edna,Trawl,24,B,1,bony,1,0.0,0.0,0.0,0.0,0.0,0.0,0.0,0.0,0.0173717,0.008021359,0.0,0.013954316,0.0,0.008863839,0.124568377,0.050228419,0.0,0.0,0.0,0.0,0.0,0.011296351,0.0,0.0,0.0,0.301097597,0.0,0.0,0.0,0.0,0.0,0.0,0.011284485,0.0,0.0,0.0,0.0,0.0,0.0,0.0,0.0,0.0,0.0,0.0,0.0,0.0,0.0,0.0,0.0,0.0,0.0,0.0,0.0,0.0,0.0,0.001530703,0.0,0.0,0.0,0.0,0.42762385,0.0,0.024159003,0.0,0.0,0.0,0.0,0.0,0.0,0.0,0.0,0.0,0.0,0.0,-73.865,39.783,6.342098228061537,6.352395025742765,29.741371739231145,30.65163354653929,0.010296797681228,0.9102618073081494
15,NJOT_Feb_24_25,NJOT,2/1/24,Feb_24,edna,Trawl,25,B,1,bony,1,0.0,0.03440744,0.014186314,0.004098268,0.0,0.0,0.000855682,0.0,0.009615168,0.009187327,0.0,0.057465829,0.0,0.054313315,0.102276566,0.014906888,0.0,0.0,0.0,0.0,0.0,0.0,0.0,0.0,0.0,0.145533563,0.0,0.0,0.0,0.0,0.0,0.004143304,0.0,0.0,0.0,0.0,0.0,0.0,0.0,0.0,0.0,0.0,0.0,0.063478124,0.0,0.0,0.0,0.0,0.013600847,0.0,0.0,0.0,0.021166881,0.0,0.0,0.013916098,0.0,0.0,0.0,0.0,0.293386476,0.101285775,0.0,0.023733928,0.018442208,0.0,0.0,0.0,0.0,0.0,0.0,0.0,0.0,0.0,-73.898,40.181,6.015272200310202,5.527348279736666,28.129175112372057,30.59766251913548,0.4879239205735359,2.4684874067634226
16,NJOT_Feb_24_26,NJOT,2/1/24,Feb_24,edna,Trawl,26,B,1,bony,1,0.0,0.009930145,0.004053641,0.0,0.006564858,0.0,0.003849684,0.0,0.0,0.0,0.0,0.02014073,0.0,0.0,0.060371201,0.025367122,0.0,0.0,0.0,0.0,0.0,0.00518815,0.0,0.0,0.0,0.724543647,0.0,0.0,0.0,0.0,0.0,0.0,0.003327045,0.0,0.0,0.0,0.0,0.0,0.0,0.0,0.0,0.0,0.0,0.006819804,0.0,0.004295839,0.0,0.0,0.0,0.0,0.0,0.0,0.0,0.0,0.0,0.00485672,0.0,0.0,0.0,0.0,0.112864573,0.0,0.007826841,0.0,0.0,0.0,0.0,0.0,0.0,0.0,0.0,0.0,0.0,0.0,-73.922,40.307,5.565189813761007,6.271561227884464,25.375129162717187,30.255441240877072,0.7063714141234563,4.880312078159886
17,NJOT_Feb_24_27,NJOT,2/1/24,Feb_24,edna,Trawl,27,B,1,bony,1,0.0,0.027535855,0.013371433,0.0,0.0,0.0,0.006863456,0.0,0.011881161,0.010924105,0.0,0.02104155,0.0,0.0,0.11105946,0.106834744,0.0,0.0,0.0,0.0,0.0,0.026401061,0.0,0.0,0.0,0.301677582,0.0,0.0,0.010418233,0.005632956,0.000478528,0.0,0.0,0.0,0.0,0.0,0.0,0.0,0.0,0.0,0.0,0.0,0.0,0.018635239,0.0,0.0,0.0,0.0,0.0,0.0,0.0,0.0,0.0,0.0,0.0,0.005824367,0.0,0.0,0.0,0.0,0.179611982,0.0,0.049288361,0.048741472,0.043778455,0.0,0.0,0.0,0.0,0.0,0.0,0.0,0.0,0.0,-73.953,40.387,5.222279215604812,6.036847304477364,24.18428425781027,27.46197991257129,0.8145680888725524,3.277695654761025
18,NJOT_Feb_24_28,NJOT,2/1/24,Feb_24,edna,Trawl,28,B,1,bony,1,0.0,0.013585509,0.013985083,0.0,0.0,0.0,0.003263186,0.001398508,0.005660629,0.0,0.0,0.010988279,0.0,0.00396244,0.052011188,0.066562334,0.0,0.0,0.0,0.0,0.001098828,0.103223229,0.0,0.002397443,0.0,0.401505061,0.0,0.0,0.000632658,0.0,0.0,0.0,0.000799148,0.0,0.0,0.002663825,0.060602025,0.0,0.0,0.0,0.0,0.0,0.0,0.006692861,0.0,0.0,0.0,0.0,0.00213106,0.0,0.0,0.0,0.0,0.0,0.0,0.006259989,0.0,0.0,0.0,0.0,0.144246137,0.002397443,0.058038093,0.01814731,0.014617741,0.003129995,0.0,0.0,0.0,0.0,0.0,0.0,0.0,0.0,-73.972,40.446,4.708212025229392,6.041524783159826,22.59442946804561,27.472484012565037,1.3333127579304334,4.878054544519419
19,NJOT_Feb_24_29,NJOT,2/1/24,Feb_24,edna,Trawl,29,B,1,bony,1,0.0,0.204265609,0.0,5.57e-05,0.0,0.0,8.91e-05,0.0,0.0,0.0,0.0,0.0,0.0,0.0,0.081601498,0.040550027,0.0,0.0,0.0,0.0,0.0,0.075851617,0.0,0.0,0.0,0.350285823,0.0,0.038967696,0.0,0.0,0.0,0.0,0.0,0.0,0.0,0.0,0.0,0.0,0.0,0.0,0.0,0.0,0.0,0.031312332,0.0,0.0,0.0,0.0,0.0,0.0,0.0,0.0,0.0,0.0,0.0,0.0,0.0,0.0,0.0,0.0,0.143479569,0.0,0.0,0.0,0.033540968,0.0,0.0,0.0,0.0,0.0,0.0,0.0,0.0,0.0,-73.864,40.35,5.932552453906716,6.736478004320635,26.84797386138666,30.813960325392063,0.8039255504139193,3.965986464005404
20,NJOT_Feb_24_3,NJOT,2/1/24,Feb_24,edna,Trawl,3,B,1,bony,1,0.0,0.2836982,0.009963596,0.0,0.0,0.0,0.006183613,0.002692864,0.007190944,0.004059243,0.0,0.008976213,0.002393657,0.0,0.290919064,0.002832494,0.0,0.0,0.0,0.0,0.00379993,0.0,0.0,0.004049269,0.0,0.23902658,0.0,0.0,0.0,0.0,0.0,0.001715454,0.0,0.0,0.002244053,0.0,0.0,0.0,0.0,7.98e-05,0.0,0.0,0.0,0.098269586,0.0,0.0,0.0,0.0,0.0,0.0,0.0,0.0,0.0,0.0,0.0,0.005096494,0.0,0.0,0.0,0.0,0.008736847,0.003909639,0.005096494,0.0,0.009065975,0.0,0.0,0.0,0.0,0.0,0.0,0.0,0.0,0.0,-74.079,39.849,6.106858692456276,5.914067215020453,28.70860411390286,28.857033713985057,0.192791477435823,0.1484296000821956
21,NJOT_Feb_24_31,NJOT,2/1/24,Feb_24,edna,Trawl,31,B,1,bony,1,0.0,0.016143344,0.0,0.002690557,0.0,0.0,0.000601082,0.0,0.0,0.0,0.0,0.069238916,0.0,0.0,0.056358588,0.108309242,0.0,0.0,0.0,0.0,0.0,0.025932393,0.0,0.007384721,0.0,0.368606349,0.0,0.0,0.0,0.0,0.0,0.0,0.0,0.0,0.0,0.0,0.022869737,0.0,0.0,0.0,0.0,0.0,0.0,0.054097375,0.0,0.0,0.0,0.0,0.020637147,0.0,0.0,0.0,0.0,0.0,0.0,0.023327704,0.0,0.0,0.0,0.0,0.123622521,0.0,0.071042162,0.0,0.029138163,0.0,0.0,0.0,0.0,0.0,0.0,0.0,0.0,0.0,-74.035,40.024,5.852356821010605,5.972974375086788,27.357335796233905,29.40148902920789,0.1206175540761833,2.0441532329739864
22,NJOT_Feb_24_4,NJOT,2/1/24,Feb_24,edna,Trawl,4,B,1,bony,1,0.0,0.031110836,0.020534389,0.045212766,0.0,0.0,0.023358898,0.0,0.014308098,0.0,0.0,0.032574633,0.020348837,0.015091539,0.173717632,0.038099951,0.0,0.0,0.0,0.0,0.0,0.035976414,0.0,0.0,0.0,0.458312716,0.0,0.0,0.0,0.0,0.0,0.0,0.0,0.0,0.0,0.0,0.0,0.0,0.0,0.0,0.0,0.0,0.0,0.076962725,0.0,0.0,0.0,0.0,0.0,0.0,0.0,0.0,0.0,0.0,0.0,0.0,0.0,0.0,0.0,0.0,0.014390566,0.0,0.0,0.0,0.0,0.0,0.0,0.0,0.0,0.0,0.0,0.0,0.0,0.0,-74.004,39.767,6.273863832560655,6.187336105201838,28.934243858019013,29.984571783953463,0.0865277273588169,1.0503279259344502
23,NJOT_Feb_24_5,NJOT,2/1/24,Feb_24,edna,Trawl,5,B,1,bony,1,0.0,0.011429347,0.000760147,6.79e-05,0.0,0.0,0.00063798,0.000190037,0.032788109,0.0,0.0,0.198350753,0.0,0.000257907,0.160513099,0.003841455,0.0,0.0,0.0,0.0,0.000617619,0.002965929,0.0,0.0,0.0,0.144997964,0.0,0.0,0.0,0.001411701,0.0,0.0,0.0,0.0,0.0,0.000244333,0.0,0.0,0.0,0.0,0.0,0.0,0.0,0.36839962,0.0,0.0,0.0,0.0,0.0,0.0,0.0,0.0,0.0,0.0,0.0,0.000766934,0.0,0.0,0.0,0.0,0.060791367,0.002002172,0.004085788,0.004757703,0.000122166,0.0,0.0,0.0,0.0,0.0,0.0,0.0,0.0,0.0,-74.235,39.393,6.1102484706638975,5.791808388850186,29.640673690244675,30.37419364596533,0.3184400818137112,0.7335199557206593
24,NJOT_Feb_24_6,NJOT,2/1/24,Feb_24,edna,Trawl,6,B,1,bony,1,0.0,0.0,0.0,0.0,0.0,0.0,0.028368794,0.0,0.0,0.0,0.0,0.0,0.0,0.0,0.0,0.822695035,0.0,0.0,0.0,0.0,0.0,0.0,0.0,0.0,0.0,0.0,0.0,0.0,0.0,0.0,0.0,0.0,0.0,0.0,0.0,0.0,0.0,0.0,0.0,0.14893617,0.0,0.0,0.0,0.0,0.0,0.0,0.0,0.0,0.0,0.0,0.0,0.0,0.0,0.0,0.0,0.0,0.0,0.0,0.0,0.0,0.0,0.0,0.0,0.0,0.0,0.0,0.0,0.0,0.0,0.0,0.0,0.0,0.0,0.0,-74.335,39.384,5.979533321890506,6.063082830487903,29.73025483871694,29.841455860174293,0.0835495085973967,0.1112010214573508
25,NJOT_Feb_24_8,NJOT,2/1/24,Feb_24,edna,Trawl,8,B,1,bony,1,0.0,0.227822816,0.0,0.0,0.0,0.0,0.063239725,0.020574967,0.0,0.0,0.0,0.0,0.0,0.109699865,0.09356949,0.0,0.0,0.0,0.0,0.0,0.0,0.054716761,0.0,0.0,0.001231835,0.2968222,0.0,0.0,0.0,0.0,0.049573019,0.0,0.0,0.0,0.0,0.0,0.0,0.0,0.0,0.0,0.0,0.0,0.0,0.051637175,0.0,0.0,0.0,0.0,0.0,0.0,0.0,0.0,0.0,0.0,0.0,0.008140096,0.0,0.0,0.0,0.0,0.022972051,0.0,0.0,0.0,0.0,0.0,0.0,0.0,0.0,0.0,0.0,0.0,0.0,0.0,-74.498,39.171,5.593327241855163,5.298451850881168,29.8446934769055,29.843187263381022,0.2948753909739947,0.0015062135244789
26,NJOT_Feb_24_9,NJOT,2/1/24,Feb_24,edna,Trawl,9,B,1,bony,1,0.0,0.088398518,0.021259778,0.0,0.001762042,0.0,0.0,0.002552491,0.005928366,0.0,0.0,0.044792096,0.004067517,0.00497324,0.17669823,0.0,0.0,0.0,0.0,0.0,0.0,0.04724578,0.0,0.0,0.0,0.29491972,0.0,0.0,0.0,0.0,0.0,0.0,0.0,0.0,0.0,0.0,0.0,0.0,0.0,0.0,0.0,0.0,0.0,0.172120214,0.0,0.0,0.0,0.0,0.0,0.0,0.0,0.0,0.002519555,0.0,0.0,0.009370111,0.0,0.0,0.0,0.0,0.123392343,0.0,0.0,0.0,0.0,0.0,0.0,0.0,0.0,0.0,0.0,0.0,0.0,0.0,-74.522,39.077,5.683788899539816,5.443536008850365,30.06620447395135,30.08059974970532,0.240252890689451,0.0143952757539729
0,NJOT_Jun_23_32,NJOT,6/1/23,Jun_23,edna,Trawl,32,B,1,bony,1,0.099418475,0.084656676,0.044397227,0.0,0.051107135,0.0,0.0,0.012972489,0.189331246,0.038358309,0.0,0.037128159,0.0,0.083091031,0.069223887,0.017557593,0.0,0.0,0.0,0.0,0.033549541,0.013978976,0.0,0.0,0.0,0.16730038,0.0,0.0,0.0,0.0,0.0,0.0,0.0,0.0,0.0,0.030418251,0.0,0.0,0.0,0.0,0.0,0.0,0.0,0.016774771,0.0,0.0,0.0,0.0,0.0,0.0,0.0,0.0,0.0,0.0,0.0,0.0,0.0,0.0,0.0,0.0,0.0,0.0,0.010735853,0.0,0.0,0.0,0.0,0.0,0.0,0.0,0.0,0.0,0.0,0.0,-74.05301667,39.93158333,17.140701533733285,12.457034098924488,28.7209839609375,30.790281905883052,4.683667434808797,2.0692979449455535
1,NJOT_Jun_23_33,NJOT,6/1/23,Jun_23,edna,Trawl,33,B,1,bony,1,0.001721001,0.115872548,0.136426218,0.012464965,0.005384275,0.0,0.044770615,0.015193981,0.007424891,0.030682992,0.001696415,0.030879677,0.0,0.03333825,0.035477209,0.126124797,0.0,0.0,0.0,0.0,0.030781335,0.069749717,0.0,0.0,0.0,0.191104883,0.0,0.0,0.0,0.001327629,0.033977479,0.0,0.0,0.001106358,0.014702267,0.056129223,0.0,0.0,0.0,0.0,0.0,0.0,0.0,0.0,0.0,0.0,0.0,0.0,0.0,0.0,0.003663274,0.0,0.0,0.0,0.0,0.0,0.0,0.0,0.0,0.0,0.0,0.0,0.0,0.0,0.0,0.0,0.0,0.0,0.0,0.0,0.0,0.0,0.0,0.0,-73.96988333,39.91065,16.64177144150037,11.719691203666631,28.82198066303829,31.087594908575458,4.92208023783374,2.2656142455371686
2,NJOT_Jun_23_35,NJOT,6/1/23,Jun_23,edna,Trawl,35,B,1,bony,1,0.0002088,0.064978633,0.069530478,0.015312017,0.001809602,0.0,0.420161751,0.005122566,0.004203845,0.013070895,0.007530728,0.016815379,0.0,0.015896658,0.049346455,0.058700706,0.0,0.0,0.0,0.000737761,0.014964017,0.04450229,0.0,0.00018096,0.0,0.037570122,0.0,0.0,0.0,0.02690739,0.006723368,0.0,0.0,0.0,0.003591364,0.089923301,0.0,0.0,0.0,0.014254096,0.0,0.0,0.00038976,0.0002784,0.003034563,0.0,0.0,0.0,0.0,0.0,0.0,0.0,0.0,0.0,0.0,0.0,0.0,0.0,0.0,0.0,0.0,0.0,0.001948802,0.011678893,0.00016704,0.0,0.0,0.0,0.00016704,0.00029232,0.0,0.0,0.0,0.0,-73.9701,39.78606667,16.01417654019567,10.484886373837716,29.67253794150383,31.638679441426934,5.529290166357955,1.9661414999231042
3,NJOT_Jun_23_36,NJOT,6/1/23,Jun_23,edna,Trawl,36,B,1,bony,1,0.016348774,0.023614896,0.0,0.025431426,0.0,0.0,0.124432334,0.0,0.0,0.0,0.0,0.025431426,0.0,0.009990917,0.007266122,0.018165304,0.0,0.0,0.0,0.0,0.0,0.010899183,0.0,0.0,0.0,0.0626703,0.0,0.0,0.0,0.670299728,0.0,0.0,0.0,0.0,0.0,0.0,0.0,0.0,0.0,0.005449591,0.0,0.0,0.0,0.0,0.0,0.0,0.0,0.0,0.0,0.0,0.0,0.0,0.0,0.0,0.0,0.0,0.0,0.0,0.0,0.0,0.0,0.0,0.0,0.0,0.0,0.0,0.0,0.0,0.0,0.0,0.0,0.0,0.0,0.0,-74.03196667,39.57853333,16.19029887338302,10.910505219324019,30.539148273195515,31.62550382400462,5.279793654059002,1.086355550809106
4,NJOT_Jun_23_39,NJOT,6/1/23,Jun_23,edna,Trawl,39,B,1,bony,1,0.000262722,0.002589685,0.000300253,0.022218747,0.154467832,0.0,0.033553311,0.046564289,0.016682826,0.000544209,0.001451224,0.083639321,0.0,0.000193914,0.057836299,0.151746786,0.0,0.0,0.0,0.0,0.118806493,0.031820599,0.0,0.000237701,0.0,0.044237325,0.0,0.0,0.0,0.0,0.000350296,0.0,0.0,0.0,0.0,0.001382416,0.0,0.0,0.0,0.000869484,0.0,0.0,0.0,0.000237701,0.0,0.0,0.0,0.0,0.0,0.0,0.228786789,0.0,0.0,0.0,0.0,0.0,0.0,0.0,0.0,0.0,0.0,0.0,0.000444125,0.000625528,0.0,0.000150127,0.0,0.0,0.0,0.0,0.0,0.0,0.0,0.0,-73.50548333,39.23288333,14.863023282060906,7.798937218119251,32.58477665818473,32.77198189158169,7.064086063941655,0.18720523339695916
5,NJOT_Jun_23_40,NJOT,6/1/23,Jun_23,edna,Trawl,40,B,1,bony,1,0.106499111,0.033637979,0.005077431,0.027164255,0.098629094,0.0,0.014216806,0.086062452,0.01320132,0.026275704,0.003808073,0.016247779,0.0,0.114876872,0.160700685,0.098629094,0.0,0.0,0.0,0.0,0.034272658,0.061183041,0.0,0.001396293,0.0,0.057755776,0.0,0.0,0.0,0.0,0.001142422,0.0,0.0,0.0,0.0,0.0,0.0,0.0,0.0,0.0,0.0,0.0,0.0,0.0,0.0,0.0,0.0,0.0,0.0,0.0,0.022721503,0.0,0.001777101,0.0,0.0,0.0,0.0,0.0,0.0,0.0,0.0,0.0,0.014724549,0.0,0.0,0.0,0.0,0.0,0.0,0.0,0.0,0.0,0.0,0.0,-74.55783333,39.15945,17.011382373714348,16.965722503464477,30.619193959874707,30.630974650843005,0.04565987024987095,0.011780690968297591
6,NJOT_Jun_23_41,NJOT,6/1/23,Jun_23,edna,Trawl,41,B,1,bony,1,0.093850111,0.0,0.005955872,0.009306051,0.171231331,0.0,0.023056445,0.158811984,0.020811713,0.113601498,0.005628751,0.066699003,0.0,0.065672517,0.050895637,0.072124712,0.0,0.0,0.0,0.0,0.061780896,0.050173713,0.0,0.0,0.0,0.0072982,0.0,0.0,0.0,0.0,0.00182737,0.0,0.0,0.0,0.001071606,0.001003925,0.0,0.0,0.0,0.0,0.0,0.0,0.0,0.0,0.0,0.0,0.0,0.0,0.0,0.0,0.019198664,0.0,0.0,0.0,0.0,0.0,0.0,0.0,0.0,0.0,0.0,0.0,0.0,0.0,0.0,0.0,0.0,0.0,0.0,0.0,0.0,0.0,0.0,0.0,-74.61648333,39.21486667,17.301592080177123,17.212063589177514,30.474655062956302,30.4892393302415,0.08952849099960858,0.014584267285197683
7,NJOT_Jun_23_43,NJOT,6/1/23,Jun_23,edna,Trawl,43,B,1,bony,1,0.002029444,0.380744359,0.305001376,0.000894331,0.010044029,0.0,0.002786186,0.005090809,0.000859934,0.041173638,0.0,0.00612273,0.0,0.069723445,0.067694001,0.010628784,0.0,0.0,0.0,0.005331591,0.005331591,0.017749037,0.0,0.0,0.0,0.0,0.0,0.0,0.0,0.0,0.011419923,0.0,0.0,0.0,0.054382223,0.002614199,0.0,0.0,0.0,0.0,0.0,0.0,0.0,0.0,0.0,0.0,0.0,0.0,0.0,0.0,0.000378371,0.0,0.0,0.0,0.0,0.0,0.0,0.0,0.0,0.0,0.0,0.0,0.0,0.0,0.0,0.0,0.0,0.0,0.0,0.0,0.0,0.0,0.0,0.0,-74.66496667,39.15393333,17.17877412984256,17.096158503747464,30.598344835404912,30.609894622062708,0.08261562609509454,0.01154978665779538
8,NJOT_Jun_23_45,NJOT,6/1/23,Jun_23,edna,Trawl,45,B,1,bony,1,0.029526299,0.487037235,0.069081404,0.001200256,0.026218927,0.0,0.009708738,0.015576656,0.003894164,0.083804545,0.0,0.017016964,0.0,0.116238131,0.035127494,0.013682919,0.0,0.0,0.0,0.009975461,0.002293823,0.018030513,0.0,0.001520324,0.0,0.011522458,0.0,0.0,0.0,0.0,0.012082578,0.0,0.0,0.0,0.034220634,0.0,0.0,0.0,0.0,0.0,0.0,0.0,0.0,0.0,0.0,0.0,0.0,0.0,0.0,0.0,0.002240478,0.0,0.0,0.0,0.0,0.0,0.0,0.0,0.0,0.0,0.0,0.0,0.0,0.0,0.0,0.0,0.0,0.0,0.0,0.0,0.0,0.0,0.0,0.0,-74.9264,38.902,17.109679874479227,17.099155245422487,31.09605147181953,31.07263004600619,0.010524629056739343,0.02342142581333917
9,NJOT_Jun_23_46,NJOT,6/1/23,Jun_23,edna,Trawl,46,B,1,bony,1,0.008571795,0.040180287,0.027567171,0.000267869,0.008583441,0.0,0.00885131,0.011017551,0.035591582,0.080139292,0.0,0.018296589,0.0,0.555920478,0.085321966,0.007640078,0.0,0.0,0.0,0.004332483,0.001723676,0.034240593,0.0,0.0,0.0,0.001525686,0.0,0.0,0.0,0.0,0.000838545,0.0,0.001199585,0.0,0.002061423,0.063240278,0.0,0.0,0.0,0.0,0.0,0.0,0.0,0.000314454,0.0,0.000605616,0.0,0.0,0.0,0.0,0.000500798,0.0,0.0,0.0,0.0,0.0,0.0,0.0,0.0,0.0,0.0,0.0,0.0,0.001304404,8.15e-05,0.0,0.0,0.0,0.0,0.0,8.15e-05,0.0,0.0,0.0,-74.97445,38.8446,17.639786093135257,17.501168290043516,30.610351648901094,30.892363247362052,0.13861780309174065,0.2820115984609579
10,NJOT_Jun_23_48,NJOT,6/1/23,Jun_23,edna,Trawl,48,B,1,bony,1,0.025738151,0.061851028,0.026647595,0.002154411,0.078168044,0.0,0.016193403,0.196051423,0.016661369,0.053515929,0.0,0.053145087,0.0,0.246891997,0.067616727,0.014913117,0.0,0.0,0.0,0.001712934,0.016140425,0.049763368,0.0,0.003787879,0.0,0.013624002,0.0,0.0,0.0,0.007505121,0.015160345,0.0,0.001818888,0.0,0.003108003,0.023981069,0.0,0.0,0.0,0.0,0.0,0.0,0.0,0.0,0.0,0.0,0.0,0.0,0.0,0.0,0.002004309,0.0,0.0,0.0,0.0,0.0,0.0,0.0003885,0.0,0.0,0.0,0.0,0.00020308,0.001253797,0.0,0.0,0.0,0.0,0.0,0.0,0.0,0.0,0.0,0.0,-74.72501667,38.62045,16.063950277216954,15.999612414005403,31.42285413765133,31.427378965220072,0.06433786321155033,0.004524827568740619
11,NJOT_Jun_23_49,NJOT,6/1/23,Jun_23,edna,Trawl,49,B,1,bony,1,0.023348819,0.064993534,0.011327171,0.006489774,0.047224484,0.0,0.020379329,0.44822549,0.006370037,0.048828967,0.0,0.010010058,0.009124,0.119067005,0.035298625,0.030245701,0.0,0.0,0.0,0.0,0.014368504,0.02708463,0.0,0.002993438,0.0,0.004190814,0.0,0.0,0.0,0.011446908,0.037717324,0.0,0.0,0.0,0.003999234,0.00950716,0.0,0.0,0.0,0.0,0.0,0.0,0.0,0.0,0.004190814,0.0,0.0,0.0,0.0,0.0,0.0,0.0,0.0,0.0,0.0,0.0,0.0,0.0,0.0,0.0,0.0,0.0,0.0,0.0,0.0,0.0,0.0,0.0,0.0,0.0,0.0,0.003568179,0.0,0.0,-74.6343,38.77185,16.047088580633687,15.91170254381111,31.446850324812083,31.506304333782648,0.13538603682257744,0.0594540089705653
12,NJOT_Jun_23_50,NJOT,6/1/23,Jun_23,edna,Trawl,50,B,1,bony,1,0.001279431,0.002376086,0.001262815,0.002808102,0.014389446,0.0,0.069969925,0.006197763,0.0,0.002160078,0.000199392,0.002160078,0.0,0.00832461,0.002425934,0.747902232,0.0,0.0,0.0,0.000448632,0.001977303,0.036173006,0.0,0.000199392,0.0,0.0,0.0,0.0,0.0,0.000847415,0.001046807,0.0,0.000116312,0.0,0.000481864,0.001179735,0.0,0.0,0.0,0.02808102,0.0,0.0,0.0,0.0,0.064320489,0.0,0.0,0.0,0.0,0.0,0.0,0.0,0.0,0.0,0.0,0.0,0.0,0.0,0.0,0.0,0.0,0.0,0.003672133,0.0,0.0,0.0,0.0,0.0,0.0,0.0,0.0,0.0,0.0,0.0,-74.7775,38.75758333,16.37959458586037,16.341865472914677,31.21482333421589,31.232898600168618,0.037729112945694254,0.018075265952727904
13,NJOT_Jun_23_51,NJOT,6/1/23,Jun_23,edna,Trawl,51,B,1,bony,1,0.002112764,0.016322134,0.001822776,0.006876838,0.088225141,0.0,0.013394645,0.051631523,0.007663946,0.001822776,0.004308381,0.020395763,0.0,0.009997652,0.055636108,0.556002044,0.0,0.0,0.0,0.000138089,0.003231285,0.035654611,0.0,0.0,0.0,0.001298038,0.0,0.0,0.0,0.000524739,0.001974674,0.0,0.000151898,0.0,0.000469503,0.069804052,0.0,0.0,0.0,0.031139097,0.0,0.0,0.0,0.0,0.015548835,0.0,0.0,0.0,0.0,0.0,0.0,0.0,0.0,0.0,0.0,0.0,0.0,0.0,0.0,0.0,0.0,0.0,0.003769833,8.29e-05,0.0,0.0,0.0,0.0,0.0,0.0,0.0,0.0,0.0,0.0,-74.8424,38.8185,16.665507236756802,16.640136338403725,31.097686211713224,31.108402777229397,0.02537089835307782,0.010716565516172949
14,NJOT_Jun_23_52,NJOT,6/1/23,Jun_23,edna,Trawl,52,B,1,bony,1,0.004703116,0.076585965,0.008016675,0.002832558,0.037518038,0.0,0.020148576,0.112073112,0.033830367,0.032708033,0.001122334,0.006199562,0.0,0.036128481,0.018759019,0.51461707,0.0,0.0,0.0,0.001977446,0.002191224,0.026187804,0.0,0.000694778,0.0,0.008497675,0.0,0.0,0.0,0.0,0.004382449,0.0,0.0,0.0,0.002405002,0.017048795,0.0,0.0,0.0,0.016567794,0.0,0.0,0.0,0.003473892,0.008016675,0.0,0.0,0.0,0.0,0.0,0.0,0.0,0.001282668,0.0,0.0,0.0,0.0,0.0,0.0,0.0,0.0,0.0,0.00154989,0.000481,0.0,0.0,0.0,0.0,0.0,0.0,0.0,0.0,0.0,0.0,-74.80075,38.9693,17.095384888555216,17.06633998018237,30.85704501850505,30.857615825499497,0.029044908372846123,0.0005708069944461158
15,NJOT_Jun_23_53,NJOT,6/1/23,Jun_23,edna,Trawl,53,B,1,bony,1,0.00066661,0.372174482,0.010823324,0.001721066,0.014895706,0.0,0.005478323,0.043317537,0.032748736,0.073739198,0.001539263,0.005126838,0.0,0.254693541,0.044626517,0.071400002,0.0,0.0,0.0,0.003611815,0.0,0.033572909,0.0,0.0,0.0,0.005454083,0.0,0.0,0.0,0.012798914,0.005175318,0.0,0.0,0.0,0.004775352,0.00063025,0.0,0.0,0.0,0.0,0.0,0.0,0.001030216,0.0,0.0,0.0,0.0,0.0,0.0,0.0,0.0,0.0,0.0,0.0,0.0,0.0,0.0,0.0,0.0,0.0,0.0,0.0,0.0,0.0,0.0,0.0,0.0,0.0,0.0,0.0,0.0,0.0,0.0,0.0,-74.58583333,38.93028333,16.510688807864007,16.497832821039868,31.101769688738543,31.126710206228093,0.01285598682413891,0.02494051748955073
16,NJOT_Jun_23_55,NJOT,6/1/23,Jun_23,edna,Trawl,55,B,1,bony,1,0.002921922,0.292593708,0.004371731,0.010739737,0.007828967,0.0,0.134676079,0.023219245,0.012178393,0.092620474,0.004784369,0.020977617,0.0,0.145884216,0.023453444,0.11570589,0.0,0.0,0.0,0.0,0.008040862,0.037081647,0.0,0.0,0.0,0.001394047,0.0,0.0,0.0,0.01934937,0.018947885,0.0,0.0,0.0,0.001561332,0.003970245,0.0,0.0,0.0,0.007025996,0.0,0.0,0.0,0.0,0.0,0.0,0.0,0.0,0.0,0.0,0.003368017,0.0,0.0,0.0,0.0,0.0,0.0,0.0,0.0,0.0,0.0,0.0,0.0,0.0,0.0,0.0,0.0,0.0,0.0,0.006724882,0.0,0.0,0.000579923,0.0,-74.40306667,38.92605,15.900737454224892,13.462701074705242,31.578259414110228,31.76298123981323,2.43803637951965,0.18472182570300077
17,NJOT_Jun_23_56,NJOT,6/1/23,Jun_23,edna,Trawl,56,B,1,bony,1,0.0,0.167316067,0.005367102,0.003896402,0.02440981,0.005080602,0.229811292,0.021468409,0.011249904,0.026950111,0.013962106,0.052467721,0.0,0.15003056,0.022576209,0.155435862,0.0,0.0,0.0,0.0,0.008155703,0.041370617,0.0,0.0,0.0,0.011555505,0.0,0.0,0.0,0.014305906,0.004431202,0.0,0.0,0.0,0.011058904,0.0,0.0,0.0,0.0,0.0,0.0,0.0,0.0,0.003266101,0.015833906,0.0,0.0,0.0,0.0,0.0,0.0,0.0,0.0,0.0,0.0,0.0,0.0,0.0,0.0,0.0,0.0,0.0,0.0,0.0,0.0,0.0,0.0,0.0,0.0,0.0,0.0,0.0,0.0,0.0,-74.38585,39.06428333,16.058849319319044,15.535649309183222,31.266647105764314,31.200626932567044,0.5232000101358221,0.06602017319726983
18,NJOT_Jun_23_57,NJOT,6/1/23,Jun_23,edna,Trawl,57,B,1,bony,1,0.013723714,0.072812475,0.0,0.032566748,0.010081122,0.0,0.235665905,0.003504765,0.0,0.105438293,0.015200441,0.058399622,0.0,0.053713476,0.014865716,0.098231866,0.0,0.0,0.0,0.0,0.041761834,0.014255336,0.0,0.0,0.0,0.047176498,0.0,0.0,0.0,0.0,0.006025045,0.0,0.0,0.0,0.001791762,0.010927778,0.0,0.0,0.0,0.159269906,0.0,0.0,0.0,0.0,0.0,0.0,0.0,0.0,0.0,0.0,0.0,0.0,0.0,0.0,0.0,0.0,0.0,0.0,0.0,0.0,0.0,0.0,0.001653934,0.0,0.0,0.0,0.0,0.0,0.0,0.002933764,0.0,0.0,0.0,0.0,-74.397,39.17718333,16.326188401096,16.135144156160923,30.890114491269426,30.926397413614747,0.1910442449350782,0.03628292234532182
19,NJOT_Jun_23_58,NJOT,6/1/23,Jun_23,edna,Trawl,58,B,1,bony,1,0.022667646,0.053888131,0.011788575,0.008272991,0.084968692,0.0,0.06508203,0.009095043,0.024783993,0.039983209,0.013904922,0.012680589,0.01233078,0.063630321,0.020044076,0.130426418,0.0,0.0,0.0,0.0,0.008552839,0.003585546,0.0,0.006751321,0.0,0.046839472,0.0,0.0,0.003812922,0.289782069,0.004914821,0.0,0.0,0.0,0.0,0.008640291,0.0,0.0,0.0,0.03666002,0.0,0.0,0.0,0.0,0.0,0.0,0.0,0.0,0.0,0.0,0.0,0.0,0.0,0.0,0.0,0.0,0.0,0.0,0.0,0.0,0.0,0.0,0.006873754,0.0,0.0,0.0,0.0,0.0,0.0,0.010039528,0.0,0.0,0.0,0.0,-74.30926667,39.3605,16.785505093295868,16.74374856799085,30.114706761044378,30.149047507472137,0.0417565253050185,0.03434074642775897
20,NJOT_Jun_23_59,NJOT,6/1/23,Jun_23,edna,Trawl,59,B,1,bony,1,0.009867257,0.04600295,0.076637168,0.012359882,0.079247788,0.0,0.098525074,0.025457227,0.009926254,0.03379056,0.010088496,0.016740413,0.0,0.054351032,0.13520649,0.303938053,0.0,0.0,0.0,0.0,0.010383481,0.024823009,0.0,0.0,0.0,0.00879056,0.0,0.0,0.0,0.000811209,0.005589971,0.0,0.0,0.0,0.007581121,0.0,0.0,0.0,0.0,0.0,0.0,0.0,0.0,0.002861357,0.02600295,0.0,0.0,0.0,0.0,0.0,0.0,0.0,0.0,0.0,0.0,0.0,0.0,0.0,0.0,0.0,0.0,0.0,0.0,0.0,0.0,0.0,0.0,0.0,0.0,0.001017699,0.0,0.0,0.0,0.0,-74.31916667,39.40531667,16.785505093295868,16.74374856799085,30.114706761044378,30.149047507472137,0.0417565253050185,0.03434074642775897
21,NJOT_Jun_23_60,NJOT,6/1/23,Jun_23,edna,Trawl,60,B,1,bony,1,0.0,0.163571245,0.013382517,0.019923651,0.055310114,0.0,0.192266449,0.026507678,0.013532641,0.045423351,0.0,0.0,0.0,0.030818392,0.015548597,0.244338166,0.0,0.0,0.0,0.0,0.020331132,0.043600412,0.0,0.022926139,0.0,0.009179034,0.0,0.0,0.0,0.014347602,0.0,0.0,0.0,0.0,0.0,0.0,0.0,0.0,0.0,0.020545595,0.0,0.0,0.0,0.0,0.048447285,0.0,0.0,0.0,0.0,0.0,0.0,0.0,0.0,0.0,0.0,0.0,0.0,0.0,0.0,0.0,0.0,0.0,0.0,0.0,0.0,0.0,0.0,0.0,0.0,0.0,0.0,0.0,0.0,0.0,-74.06795,39.64501667,16.2453868428708,16.130036489140725,29.684671260599227,29.70928032191792,0.11535035373007574,0.024609061318692227
22,NJOT_Jun_23_63,NJOT,6/1/23,Jun_23,edna,Trawl,63,B,1,bony,1,0.0,0.082057388,0.002148506,0.0,0.102390536,0.0,0.164516004,0.008102196,0.0,0.011312012,0.0,0.079831226,0.0,0.012114466,0.060261704,0.05936865,0.0,0.0,0.0,0.0,0.052340706,0.010936671,0.0,0.003779299,0.0,0.029574311,0.0,0.0,0.0,0.148919923,0.122646027,0.0,0.0,0.0,0.0,0.012412151,0.0,0.0,0.0,0.006264318,0.0,0.0,0.0,0.0,0.0,0.0,0.0,0.0,0.0,0.0,0.025290242,0.0,0.0,0.0,0.0,0.0,0.0,0.0,0.0,0.0,0.0,0.0,0.005733663,0.0,0.0,0.0,0.0,0.0,0.0,0.0,0.0,0.0,0.0,0.0,-74.05975,39.97141667,17.140701533733285,12.457034098924488,28.7209839609375,30.790281905883052,4.683667434808797,2.0692979449455535
23,NJOT_Jun_23_65,NJOT,6/1/23,Jun_23,edna,Trawl,65,B,1,bony,1,0.015757313,0.008530041,0.019231366,0.003380998,0.26775024,0.0,0.108936381,0.052545054,0.073482428,0.003753218,0.011011508,0.070380595,0.003877291,0.036880797,0.023915134,0.1052452,0.0,0.0,0.0,0.0,0.015850368,0.093799435,0.0,0.00204721,0.0,0.010794379,0.0,0.0,0.0,0.001054623,0.022333199,0.0,0.0,0.0,0.00446664,0.001923137,0.0,0.0,0.0,0.0,0.0,0.0,0.0,0.0,0.0,0.0,0.0,0.0,0.0,0.0,0.037656255,0.0,0.0,0.0,0.0,0.0,0.0,0.0,0.0,0.0,0.0,0.0,0.0,0.00539719,0.0,0.0,0.0,0.0,0.0,0.0,0.0,0.0,0.0,0.0,-73.95026667,40.17223333,16.358445020614106,10.238074813912482,27.76906605928707,30.53037207844359,6.120370206701624,2.761306019156521
24,NJOT_Jun_23_66,NJOT,6/1/23,Jun_23,edna,Trawl,66,B,1,bony,1,0.0,0.026054782,0.010714836,0.0,0.055218665,0.0,0.158744026,0.049154633,0.053497096,0.009147438,0.013001696,0.070430135,0.007914076,0.057043014,0.019810884,0.202117272,0.0,0.0,0.0,0.0,0.021840793,0.094403618,0.0,0.0,0.0,0.038825222,0.0,0.0,0.0,0.015391336,0.007939771,0.0,0.0,0.0,0.001978519,0.0,0.0,0.0,0.0,0.016727478,0.0,0.0,0.0,0.0,0.038671052,0.0,0.0,0.0,0.0,0.0,0.009892595,0.0,0.0,0.0,0.0,0.0,0.0,0.0,0.0,0.0,0.0,0.0,0.0,0.016727478,0.0,0.0,0.0,0.0,0.0,0.0,0.0,0.0,0.0,0.004753584,-73.85653333,40.1846,16.19790554705824,7.932347749192841,28.58232061854682,31.574247375315572,8.2655577978654,2.991926756768752
25,NJOT_Jun_23_67,NJOT,6/1/23,Jun_23,edna,Trawl,67,B,1,bony,1,0.005474891,0.028415003,0.008820657,0.025485456,0.015192021,0.0,0.173387549,0.023260281,0.006323339,0.000816431,0.034834393,0.067923864,0.002289209,0.015336097,0.071573791,0.049562169,0.0,0.0,0.0,0.0,0.028511054,0.021787504,0.0,0.012358525,0.0,0.323610867,0.0,0.0,0.000160085,0.001937023,0.016792867,0.0,0.0,0.0,0.003553876,0.00206509,0.0,0.0,0.0,0.046632622,0.0,0.0,0.000736389,0.0,0.0,0.001296685,0.0,0.0,0.0,0.0,0.003137657,0.0,0.0,0.0,0.0,0.005779051,0.0,0.0,0.0,0.0,0.0,0.0,0.0,0.002945555,0.0,0.0,0.0,0.0,0.0,0.0,0.0,0.0,0.0,0.0,-73.98136667,40.25986667,16.49550347938721,9.722368221455731,27.070849295611822,30.573956764441135,6.773135257931479,3.503107468829313
26,NJOT_Jun_23_68,NJOT,6/1/23,Jun_23,edna,Trawl,68,B,1,bony,1,0.0,0.058241184,0.0,0.050919008,0.021069934,0.0,0.204479229,0.04154214,0.002185445,0.001475643,0.008592349,0.114390317,0.009376868,0.011543634,0.033360729,0.161312014,0.0,0.0,0.0,0.0,0.019220711,0.048453377,0.0,0.021051255,0.0,0.064928273,0.0,0.042980424,0.009320831,0.0,0.010871189,0.0,0.0,0.0,0.0,0.0,0.0,0.0,0.0,0.031231321,0.0,0.0,0.0,0.0,0.008144053,0.0,0.0,0.0,0.0,0.0,0.013392857,0.0,0.0,0.0,0.0,0.0,0.0,0.0,0.0,0.0,0.0,0.0,0.0,0.009694411,0.0,0.0,0.0,0.0,0.0,0.002222803,0.0,0.0,0.0,0.0,-73.84106667,40.43891667,17.06172587678748,10.388553333669073,25.552693198881528,31.26126403393778,6.673172543118408,5.708570835056253
27,NJOT_Jun_23_69,NJOT,6/1/23,Jun_23,edna,Trawl,69,B,1,bony,1,0.007663076,0.010936501,0.006358722,0.027228375,0.008942345,0.0,0.073721044,0.017633853,0.003637139,0.006233304,0.013507582,0.082136631,0.007512573,0.021973336,0.013658084,0.308078211,0.0,0.0,0.0,0.0,0.002370411,0.167170431,0.0,0.010673122,0.0,0.023089561,0.0,0.0,0.0,0.0,0.000978265,0.0,0.0,0.0,0.001341979,0.001128767,0.0,0.0,0.0,0.03684798,0.0,0.0,0.0,0.0,0.11054394,0.0,0.0,0.0,0.0,0.0,0.002257535,0.0,0.0,0.0,0.0,0.0,0.0,0.0,0.0,0.0,0.0,0.0,0.00864134,0.025735894,0.0,0.0,0.0,0.0,0.0,0.0,0.0,0.0,0.0,0.0,-73.92811667,40.41925,17.040043540609428,11.195775776070565,26.10976632317117,31.022500403340043,5.844267764538863,4.912734080168875
28,NJOT_Jun_23_70,NJOT,6/1/23,Jun_23,edna,Trawl,70,B,1,bony,1,0.014208067,0.073757986,0.010934172,0.00678618,0.009948826,0.0,0.046597375,0.202139156,0.012300944,0.008566161,0.012237373,0.022345126,0.003973173,0.023584756,0.009869362,0.114252567,0.0,0.0,0.0,0.0,0.010997743,0.077715267,0.0,0.118734306,0.0,0.112552049,0.0,0.006420648,0.0,0.0,0.00726296,0.0,0.0,0.0,9.54e-05,0.009297225,0.0,0.0,0.0,0.018896411,0.0,0.0,0.0,0.0,0.042655987,0.0,0.001907123,0.0,0.0,0.0,0.0,0.0,0.0,0.0,0.0,0.004592988,0.0,0.0,0.0,0.0,0.0,0.0,0.006802072,0.010568641,0.0,0.0,0.0,0.0,0.0,0.0,0.0,0.0,0.0,0.0,-73.96516667,40.46735,17.857940424797164,14.676048130144048,24.178384291207948,28.327616967439674,3.1818922946531156,4.149232676231726
0,NJOT_Aug_23_100,NJOT,8/1/23,Aug_23,edna,Trawl,100,B,1,bony,1,0.020177178,0.009887821,0.019700354,0.085627525,0.00720255,0.007127262,0.752151981,0.017692674,0.000451728,0.004567471,0.014204332,0.011368484,0.00707707,0.023163601,0.01959997,0.0,0.0,0.0,0.0,0.0,0.0,0.0,0.0,0.0,0.0,0.0,0.0,0.0,0.0,0.0,0.0,0.0,0.0,0.0,0.0,0.0,0.0,0.0,0.0,0.0,0.0,0.0,0.0,0.0,0.0,0.0,0.0,0.0,0.0,0.0,0.0,0.0,0.0,0.0,0.0,0.0,0.0,0.0,0.0,0.0,0.0,0.0,0.0,0.0,0.0,0.0,0.0,0.0,0.0,0.0,0.0,0.0,0.0,0.0,-73.86088333,39.76948333,23.45271662533815,14.988620105512256,31.56278383119035,32.429375470642455,8.464096519825896,0.8665916394521034
1,NJOT_Aug_23_101,NJOT,8/1/23,Aug_23,edna,Trawl,101,B,1,bony,1,0.044936571,0.020750904,0.012989477,0.029527578,0.013369009,0.001347338,0.667795774,0.041293065,0.008776674,0.004535406,0.0,0.026766484,0.003178579,0.015342575,0.058514323,0.002343609,0.003216532,0.003880713,0.003415787,0.006395112,0.00423178,0.012135531,0.009611644,0.003643506,0.00200203,0.0,0.0,0.0,0.0,0.0,0.0,0.0,0.0,0.0,0.0,0.0,0.0,0.0,0.0,0.0,0.0,0.0,0.0,0.0,0.0,0.0,0.0,0.0,0.0,0.0,0.0,0.0,0.0,0.0,0.0,0.0,0.0,0.0,0.0,0.0,0.0,0.0,0.0,0.0,0.0,0.0,0.0,0.0,0.0,0.0,0.0,0.0,0.0,0.0,-74.00596667,39.75366667,22.5004390843974,16.974111503488295,31.79706453175979,32.24893830269356,5.526327580909104,0.45187377093376924
2,NJOT_Aug_23_102,NJOT,8/1/23,Aug_23,edna,Trawl,102,B,1,bony,1,0.063511589,0.015948034,0.066176788,0.039837714,0.022918555,0.0,0.576923907,0.013185722,0.0,0.0,0.0,0.027806552,0.0,0.007078424,0.042427381,0.003409729,0.0,0.0,0.0,0.0,0.003614744,0.010186024,0.002190427,0.005103802,0.021332384,0.070665544,0.003183133,0.004499547,0.0,0.0,0.0,0.0,0.0,0.0,0.0,0.0,0.0,0.0,0.0,0.0,0.0,0.0,0.0,0.0,0.0,0.0,0.0,0.0,0.0,0.0,0.0,0.0,0.0,0.0,0.0,0.0,0.0,0.0,0.0,0.0,0.0,0.0,0.0,0.0,0.0,0.0,0.0,0.0,0.0,0.0,0.0,0.0,0.0,0.0,-74.02751667,39.96306667,23.541772830847393,18.550106743630394,29.348635230721488,32.03648998101798,4.9916660872169984,2.6878547502964913
3,NJOT_Aug_23_103,NJOT,8/1/23,Aug_23,edna,Trawl,103,B,1,bony,1,0.027996782,0.01232502,0.03848753,0.068897828,0.0,0.0,0.675720032,0.014191472,0.008946098,0.0,0.0,0.051681416,0.004183427,0.0,0.028865648,0.003636364,0.0,0.0,0.00769107,0.0,0.0,0.0,0.016765889,0.003218021,0.00302494,0.014770716,0.0,0.0,0.004440869,0.006918745,0.005921158,0.002316975,0.0,0.0,0.0,0.0,0.0,0.0,0.0,0.0,0.0,0.0,0.0,0.0,0.0,0.0,0.0,0.0,0.0,0.0,0.0,0.0,0.0,0.0,0.0,0.0,0.0,0.0,0.0,0.0,0.0,0.0,0.0,0.0,0.0,0.0,0.0,0.0,0.0,0.0,0.0,0.0,0.0,0.0,-73.8786,40.11971667,23.07818099429938,13.831903949323483,27.754786300457425,32.35774273983327,9.246277044975898,4.602956439375845
4,NJOT_Aug_23_104,NJOT,8/1/23,Aug_23,edna,Trawl,104,B,1,bony,1,0.010589079,0.000259779,0.03829882,0.136185952,0.002449343,0.0,0.612125486,0.005665652,0.008869591,0.0,0.009463371,0.021784309,0.0,0.003686385,0.047193152,0.005789356,0.000828818,0.0,0.0,0.003624533,0.0,0.005640911,0.0,0.0,0.004787352,0.077884163,0.0,0.001100967,0.000841189,0.0,0.0,0.0,0.00293179,0.0,0.0,0.0,0.0,0.0,0.0,0.0,0.0,0.0,0.0,0.0,0.0,0.0,0.0,0.0,0.0,0.0,0.0,0.0,0.0,0.0,0.0,0.0,0.0,0.0,0.0,0.0,0.0,0.0,0.0,0.0,0.0,0.0,0.0,0.0,0.0,0.0,0.0,0.0,0.0,0.0,-73.91333333,40.18291667,23.109863854687628,13.227531097738682,27.15989969028895,32.24565882195313,9.882332756948946,5.0857591316641795
5,NJOT_Aug_23_106,NJOT,8/1/23,Aug_23,edna,Trawl,106,B,1,bony,1,0.153284853,0.000522987,0.136673806,0.017557404,0.003785426,0.0,0.093963242,0.059520845,0.010509538,0.0,0.001743288,0.02055835,0.004744235,0.001021069,0.074052398,0.010248045,0.0,0.000373562,0.000684863,0.0,0.001133137,0.360947851,0.0,0.000697315,0.0,0.018889774,0.0,0.0,0.0,0.000373562,0.017445335,0.0,0.006973153,0.002677193,0.000323754,0.001295014,0.0,0.0,0.0,0.0,0.0,0.0,0.0,0.0,0.0,0.0,0.0,0.0,0.0,0.0,0.0,0.0,0.0,0.0,0.0,0.0,0.0,0.0,0.0,0.0,0.0,0.0,0.0,0.0,0.0,0.0,0.0,0.0,0.0,0.0,0.0,0.0,0.0,0.0,-73.98588333,40.45955,22.5930746029411,19.955991155879946,27.852780429032844,31.3733285807883,2.637083447061155,3.520548151755456
6,NJOT_Aug_23_107,NJOT,8/1/23,Aug_23,edna,Trawl,107,B,1,bony,1,0.138364163,0.0,0.179569207,0.046317649,0.008409793,0.0,0.201157941,0.053127913,0.023011628,0.0,0.014013051,0.079299347,0.0,0.002943918,0.075648889,0.017123792,0.0,0.0,0.0,0.0,0.0,0.046945685,0.0,0.042068593,0.0,0.017849958,0.0,0.0,0.003149993,0.0,0.006133163,0.0,0.005240175,0.0,0.0,0.0,0.002090182,0.037534959,0.0,0.0,0.0,0.0,0.0,0.0,0.0,0.0,0.0,0.0,0.0,0.0,0.0,0.0,0.0,0.0,0.0,0.0,0.0,0.0,0.0,0.0,0.0,0.0,0.0,0.0,0.0,0.0,0.0,0.0,0.0,0.0,0.0,0.0,0.0,0.0,-73.92183333,40.3811,23.175618119243545,14.92732358227207,25.988238377343535,32.42964324178548,8.248294536971475,6.441404864441942
7,NJOT_Aug_23_108,NJOT,8/1/23,Aug_23,edna,Trawl,108,B,1,bony,1,0.111077879,0.005176579,0.246554699,0.049718164,0.008374554,0.0,0.124836075,0.106142874,0.006073853,0.000368112,0.013723686,0.077407109,0.015483723,0.004049235,0.046796273,0.042390429,0.0,0.0,0.0,0.000954791,0.006315426,0.019210859,0.000782239,0.004371333,0.0,0.091844012,0.0,0.0,0.0,0.0,0.015437709,0.0,0.0,0.000931784,0.0,0.0,0.0,0.0006557,0.001322903,0.0,0.0,0.0,0.0,0.0,0.0,0.0,0.0,0.0,0.0,0.0,0.0,0.0,0.0,0.0,0.0,0.0,0.0,0.0,0.0,0.0,0.0,0.0,0.0,0.0,0.0,0.0,0.0,0.0,0.0,0.0,0.0,0.0,0.0,0.0,-73.96776667,40.264,23.419756562191623,14.115695984003466,26.853985849989147,32.15142109150368,9.304060578188157,5.297435241514531
8,NJOT_Aug_23_71,NJOT,8/1/23,Aug_23,edna,Trawl,71,B,1,bony,1,0.049379385,0.022558014,0.051915812,0.050566649,0.00982191,0.0,0.113167836,0.023313546,0.006475985,0.006961684,0.004587156,0.009552078,0.0,0.012088505,0.008796546,0.150512682,0.0,0.0,0.0,0.0,0.005990286,0.007717215,0.0,0.00998381,0.041392337,0.385590934,0.0,0.0,0.000593632,0.001295197,0.013707501,0.0,0.001996762,0.0,0.0,0.0,0.0,0.0,0.0,0.001511063,0.0,0.0,0.001672963,0.00124123,0.007609282,0.0,0.0,0.0,0.0,0.0,0.0,0.0,0.0,0.0,0.0,0.0,0.0,0.0,0.0,0.0,0.0,0.0,0.0,0.0,0.0,0.0,0.0,0.0,0.0,0.0,0.0,0.0,0.0,0.0,-74.02881667,40.0942,23.28929767068904,17.42439161073302,27.416267638299942,31.69937244398318,5.86490605995602,4.283104805683237
9,NJOT_Aug_23_72,NJOT,8/1/23,Aug_23,edna,Trawl,72,B,1,bony,1,0.164526271,0.044228925,0.112277523,0.069407439,0.016439305,0.0,0.233267612,0.064478312,0.023713098,0.015480124,0.001412128,0.065250986,0.006314612,0.015053821,0.035036769,0.044388788,0.0,0.0,0.0,0.0,0.007913247,0.006474475,0.0,0.012655867,0.0,0.03064052,0.0,0.0,0.0,0.0,0.004822551,0.0,0.018757327,0.0,0.0,0.0,0.0,0.0,0.0,0.0,0.003783438,0.0,0.0,0.0,0.0,0.003676862,0.0,0.0,0.0,0.0,0.0,0.0,0.0,0.0,0.0,0.0,0.0,0.0,0.0,0.0,0.0,0.0,0.0,0.0,0.0,0.0,0.0,0.0,0.0,0.0,0.0,0.0,0.0,0.0,-74.04638333,39.85845,23.388540329265158,19.455860161436274,30.89297154694894,32.00078520956352,3.9326801678288845,1.1078136626145785
10,NJOT_Aug_23_73,NJOT,8/1/23,Aug_23,edna,Trawl,73,B,1,bony,1,0.09928921,0.079908507,0.071103569,0.028825106,0.0,0.0,0.177426892,0.038663027,0.103445732,0.005755183,0.00676357,0.050320962,0.010403601,0.004845176,0.126982956,0.026267247,0.0,0.0,0.0,0.004599228,0.017413119,0.039204112,0.0,0.00983792,0.021028555,0.054206941,0.0,0.0,0.0,0.0,0.003418677,0.0,0.0,0.008878723,0.0,0.0,0.0,0.0,0.0,0.002188937,0.001205145,0.0,0.0,0.0,0.0,0.0,0.008017905,0.0,0.0,0.0,0.0,0.0,0.0,0.0,0.0,0.0,0.0,0.0,0.0,0.0,0.0,0.0,0.0,0.0,0.0,0.0,0.0,0.0,0.0,0.0,0.0,0.0,0.0,0.0,-74.08063333,39.80443333,22.61266193988416,20.00859970438868,31.654833843239444,31.97556904194848,2.60406223549548,0.3207351987090341
11,NJOT_Aug_23_74,NJOT,8/1/23,Aug_23,edna,Trawl,74,B,1,bony,1,0.23903662,0.062485444,0.079226775,0.125847684,0.005205979,0.0,0.127847876,0.060457852,0.016864631,0.0,0.001671393,0.019125122,0.002575589,0.022152809,0.073924897,0.062649843,0.0,0.0,0.0,0.0,0.005000479,0.011069555,0.0,0.0,0.02918088,0.042565725,0.0,0.0,0.0,0.0,0.005671777,0.004068883,0.000931596,0.0,0.000369898,0.0,0.0,0.0,0.000287699,0.0,0.0,0.0,0.0,0.0,0.0,0.000657597,0.0,0.001123395,0.0,0.0,0.0,0.0,0.0,0.0,0.0,0.0,0.0,0.0,0.0,0.0,0.0,0.0,0.0,0.0,0.0,0.0,0.0,0.0,0.0,0.0,0.0,0.0,0.0,0.0,-74.05485,39.77886667,22.61266193988416,20.00859970438868,31.654833843239444,31.97556904194848,2.60406223549548,0.3207351987090341
12,NJOT_Aug_23_76,NJOT,8/1/23,Aug_23,edna,Trawl,76,B,1,bony,1,0.142499008,0.118619918,0.092143707,0.026223713,0.0,0.0,0.274248819,0.060455218,0.001298561,0.089438372,0.002975868,0.021696786,0.0,0.025087472,0.01163294,0.075749378,0.0,0.0,0.003084082,0.0,0.005446741,0.010478664,0.0,0.001695343,0.019045558,0.007863507,0.0,0.0,0.0,0.0,0.000739458,0.0,0.004941745,0.0,0.0,0.0,0.0,0.0,0.002308552,0.0,0.0,0.0,0.0,0.0,0.0,0.0,0.0,0.002326588,0.0,0.0,0.0,0.0,0.0,0.0,0.0,0.0,0.0,0.0,0.0,0.0,0.0,0.0,0.0,0.0,0.0,0.0,0.0,0.0,0.0,0.0,0.0,0.0,0.0,0.0,-74.12418333,39.6256,21.799726086361044,18.631058193896035,31.90941161849499,32.1059367015115,3.1686678924650096,0.19652508301651395
13,NJOT_Aug_23_77,NJOT,8/1/23,Aug_23,edna,Trawl,77,B,1,bony,1,0.231939027,0.180323469,0.099679751,0.028088883,0.015565177,0.0,0.050130604,0.036336637,0.057331735,0.023481948,0.001717537,0.044199735,0.001976956,0.041739722,0.043824024,0.071224103,0.0,0.0,0.0,0.0,0.010081583,0.003587147,0.0,0.0,0.001672809,0.037785809,0.0,0.0,0.0,0.0,0.008462447,0.003560311,0.0,0.004964755,0.0,0.0,0.0,0.0,0.0,0.0,0.0,0.0,0.0,0.0,0.0,0.0,0.0,0.000948223,0.0,0.001377608,0.0,0.0,0.0,0.0,0.0,0.0,0.0,0.0,0.0,0.0,0.0,0.0,0.0,0.0,0.0,0.0,0.0,0.0,0.0,0.0,0.0,0.0,0.0,0.0,-74.36286667,39.3346,20.923497152057145,17.992498148916997,31.809647392366653,31.90934116991131,2.9309990031401476,0.09969377754465825
14,NJOT_Aug_23_79,NJOT,8/1/23,Aug_23,edna,Trawl,79,B,1,bony,1,0.036179112,0.058058558,0.142274783,0.007834561,0.127932652,0.0,0.023843394,0.010170067,0.004214527,0.160990679,0.004012824,0.054746385,0.014756152,0.117454723,0.036805452,0.084407312,0.0,0.0,0.006486337,0.004893947,0.000456485,0.004724092,0.0,0.003354636,0.004034056,0.016210535,0.0,0.0,0.0,0.000403406,0.013153146,0.0,0.001687934,0.002335506,0.013630863,0.0,0.000944818,0.0,0.0,0.0,0.00504257,0.0,0.005392896,0.0113909,0.0,0.004384382,0.0,0.000636956,0.003694346,0.0,0.0,0.0,0.002983078,0.00809996,0.001549927,0.000382174,0.000445869,0.0,0.0,0.0,0.0,0.0,0.0,0.0,0.0,0.0,0.0,0.0,0.0,0.0,0.0,0.0,0.0,0.0,-74.4364,39.32723333,20.77024932088964,18.09823785715761,31.86690651605221,31.97616826247284,2.67201146373203,0.10926174642062847
15,NJOT_Aug_23_80,NJOT,8/1/23,Aug_23,edna,Trawl,80,B,1,bony,1,0.02949818,0.090238678,0.114808789,0.010265835,0.048227183,0.0,0.021479825,0.006391272,0.005759168,0.14593405,0.000573576,0.032518232,0.024394526,0.130131454,0.077514661,0.20185183,0.0,0.0,0.001193974,0.007725714,0.001720727,0.000550164,0.0,0.000339463,0.0,0.037048309,0.0,0.0,0.0,0.0,0.005653818,0.0,0.0,0.002750822,0.000632104,0.0,0.0,0.0,0.0,0.0,0.000772571,0.0,0.001147151,0.0,0.0,0.000632104,0.0,0.0,0.0,0.0,0.0,0.0,0.0,0.0,0.0,0.0,0.0,0.000245818,0.0,0.0,0.0,0.0,0.0,0.0,0.0,0.0,0.0,0.0,0.0,0.0,0.0,0.0,0.0,0.0,-74.44236667,39.30743333,20.77024932088964,18.09823785715761,31.86690651605221,31.97616826247284,2.67201146373203,0.10926174642062847
16,NJOT_Aug_23_83,NJOT,8/1/23,Aug_23,edna,Trawl,83,B,1,bony,1,0.058151129,0.065593535,0.146958193,0.035237381,0.137241357,0.0,0.042334387,0.195183942,0.012382287,0.030251882,0.000430122,0.025892013,0.006354068,0.102981524,0.088872234,0.006816775,0.0,0.0,0.0,0.001596663,0.007924664,0.001101372,0.0,0.0,0.021167193,0.0,0.0,0.0,0.0,0.0,0.008837043,0.001524976,0.001368569,0.0,0.0,0.0,0.0,0.0,0.0,0.0,0.000984066,0.0,0.0,0.0,0.0,0.0,0.0,0.0,0.000443156,0.0,0.0,0.0,0.0,0.0,0.0,0.0,0.0,0.0,0.000371469,0.0,0.0,0.0,0.0,0.0,0.0,0.0,0.0,0.0,0.0,0.0,0.0,0.0,0.0,0.0,-74.96436667,38.82961667,21.672686800109698,20.89837028504669,31.659079940035408,32.05461962387676,0.7743165150630098,0.39553968384135274
17,NJOT_Aug_23_85,NJOT,8/1/23,Aug_23,edna,Trawl,85,B,1,bony,1,0.031922429,0.031439255,0.068187933,0.089782517,0.10501897,0.0,0.154972574,0.079465653,0.023686508,0.035172872,0.0,0.051337239,0.004085017,0.067122754,0.113150569,0.04589055,0.0,0.0,0.0,0.007099364,0.004359547,0.001866809,0.001405597,0.002295077,0.004447397,0.002251152,0.0,0.0,0.0,0.0,0.004634078,0.054527286,0.001603259,0.006555793,0.000362381,0.0,0.0,0.0,0.0,0.0,0.0,0.0,0.0,0.0,0.0,0.002888063,0.0,0.0,0.0,0.0,0.002816685,0.0,0.0,0.0,0.0,0.0,0.0,0.0,0.001652675,0.0,0.0,0.0,0.0,0.0,0.0,0.0,0.0,0.0,0.0,0.0,0.0,0.0,0.0,0.0,-74.87185,38.7464,21.550987079238855,19.116610502689017,31.871486218274274,32.2402671165432,2.4343765765498375,0.3687808982689269
18,NJOT_Aug_23_87,NJOT,8/1/23,Aug_23,edna,Trawl,87,B,1,bony,1,0.089165334,0.070771949,0.0426128,0.038123891,0.028175067,0.0,0.097331328,0.048168223,0.026989168,0.078555908,0.0,0.004035243,0.0,0.036651465,0.027259776,0.020446822,0.0,0.0,0.0,0.0,0.0,0.006685609,0.0,0.0,0.0,0.313141202,0.0,0.0,0.0,0.0,0.054153435,0.005292774,0.0,0.00980556,0.0,0.0,0.0,0.0,0.0,0.0,0.0,0.0,0.0,0.0,0.0,0.0,0.0,0.0,0.0,0.0,0.0,0.0,0.0,0.002634448,0.0,0.0,0.0,0.0,0.0,0.0,0.0,0.0,0.0,0.0,0.0,0.0,0.0,0.0,0.0,0.0,0.0,0.0,0.0,0.0,-74.86318333,38.91356667,21.909453724608852,21.547583842680595,31.24355564079914,31.29981462130505,0.3618698819282571,0.05625898050590905
19,NJOT_Aug_23_88,NJOT,8/1/23,Aug_23,edna,Trawl,88,B,1,bony,1,0.085654416,0.011567939,0.084429688,0.040626525,0.04772612,0.0,0.121621234,0.109096476,0.011606212,0.128405079,0.000554955,0.044893937,0.010151847,0.015127305,0.141829246,0.039143456,0.0,0.0,0.0,0.08378862,0.0,0.0,0.0,0.0,0.008640073,0.0,0.0,0.0,0.0,0.0,0.004736253,0.002813047,0.0,0.003128797,0.0,0.0,0.0,0.0,0.0,0.0,0.0,0.0,0.0,0.0,0.0,0.0,0.0,0.004458775,0.0,0.0,0.0,0.0,0.0,0.0,0.0,0.0,0.0,0.0,0.0,0.0,0.0,0.0,0.0,0.0,0.0,0.0,0.0,0.0,0.0,0.0,0.0,0.0,0.0,0.0,-74.74106667,38.89343333,21.553500271906287,19.14765266059538,31.689536327747653,31.83460432928915,2.4058476113109073,0.14506800154149602
20,NJOT_Aug_23_89,NJOT,8/1/23,Aug_23,edna,Trawl,89,B,1,bony,1,0.053971433,0.067068993,0.087202867,0.123385864,0.055183682,0.0,0.274811574,0.066937227,0.007378907,0.023981447,0.0,0.056106045,0.004190165,0.025404522,0.053022716,0.03726348,0.0,0.017050546,0.0,0.004875349,0.007721499,0.001712961,0.0,0.001607548,0.001818373,0.005929479,0.001396722,0.0,0.0,0.00463817,0.003452274,0.005639593,0.0,0.003979339,0.0,0.0,0.0,0.0,0.001133189,0.0,0.003136035,0.0,0.0,0.0,0.0,0.0,0.0,0.0,0.0,0.0,0.0,0.0,0.0,0.0,0.0,0.0,0.0,0.0,0.0,0.0,0.0,0.0,0.0,0.0,0.0,0.0,0.0,0.0,0.0,0.0,0.0,0.0,0.0,0.0,-74.68055,38.75103333,22.199548381303124,15.54157808780571,30.710694350576045,32.052754430289085,6.657970293497414,1.3420600797130398
21,NJOT_Aug_23_91,NJOT,8/1/23,Aug_23,edna,Trawl,91,B,1,bony,1,0.022906573,0.07772507,0.025620862,0.015879861,0.0,0.0,0.703178509,0.041247051,0.045483372,0.01714822,0.0,0.0,0.0,0.0,0.0,0.0,0.0,0.0,0.0,0.039522082,0.0,0.0,0.0,0.0,0.0,0.0,0.0112884,0.0,0.0,0.0,0.0,0.0,0.0,0.0,0.0,0.0,0.0,0.0,0.0,0.0,0.0,0.0,0.0,0.0,0.0,0.0,0.0,0.0,0.0,0.0,0.0,0.0,0.0,0.0,0.0,0.0,0.0,0.0,0.0,0.0,0.0,0.0,0.0,0.0,0.0,0.0,0.0,0.0,0.0,0.0,0.0,0.0,0.0,0.0,-74.46258333,38.9141,22.052166295183923,15.057787152177049,31.538183391942756,32.276213407576364,6.994379143006874,0.7380300156336084
22,NJOT_Aug_23_92,NJOT,8/1/23,Aug_23,edna,Trawl,92,B,1,bony,1,0.045996593,0.020180841,0.109815227,0.103131962,0.01716682,0.0,0.303498886,0.08295112,0.0,0.108373739,0.005372821,0.031450662,0.0,0.028698729,0.063294457,0.02162233,0.0,0.0,0.0,0.018477264,0.002751933,0.001310444,0.0,0.0,0.019787708,0.0,0.0,0.0,0.0,0.003276111,0.007731621,0.0,0.0,0.003014022,0.0,0.0,0.0,0.0,0.0,0.0,0.0,0.0,0.0,0.0,0.0,0.002096711,0.0,0.0,0.0,0.0,0.0,0.0,0.0,0.0,0.0,0.0,0.0,0.0,0.0,0.0,0.0,0.0,0.0,0.0,0.0,0.0,0.0,0.0,0.0,0.0,0.0,0.0,0.0,0.0,-74.66795,38.93023333,21.763806832411024,17.99883164509254,31.57556998019546,31.871129313774084,3.764975187318484,0.2955593335786233
23,NJOT_Aug_23_93,NJOT,8/1/23,Aug_23,edna,Trawl,93,B,1,bony,1,0.147357471,0.033101478,0.074028071,0.028071047,0.049605639,0.0,0.126987331,0.0,0.006381195,0.066560055,0.0,0.0,0.007312756,0.0,0.036330891,0.012094771,0.0,0.0,0.0,0.011442678,0.0,0.0,0.0,0.0,0.001956279,0.196419699,0.0,0.0,0.0,0.008958514,0.023723761,0.0,0.0,0.0,0.008632468,0.0,0.0,0.0,0.0,0.0,0.0,0.007079866,0.0,0.034778288,0.0,0.02005962,0.0,0.0,0.0,0.0,0.0,0.008073531,0.054527388,0.005822258,0.030694945,0.0,0.0,0.0,0.0,0.0,0.0,0.0,0.0,0.0,0.0,0.0,0.0,0.0,0.0,0.0,0.0,0.0,0.0,0.0,-74.8287,38.95468333,21.207850645798825,20.596614876599332,31.790128315802356,31.808031894724696,0.6112357691994923,0.017903578922339847
24,NJOT_Aug_23_94,NJOT,8/1/23,Aug_23,edna,Trawl,94,B,1,bony,1,0.020967138,0.034878028,0.161804096,0.012557242,0.142219406,0.0,0.053829095,0.020391118,0.016819792,0.147086777,0.0,0.033322773,0.0,0.035943665,0.025546499,0.042020679,0.0,0.0,0.002419285,0.021139944,0.008409896,0.003456122,0.0,0.0,0.003312117,0.180639959,0.001180842,0.0,0.0,0.0,0.012902854,0.0,0.0,0.0,0.008611503,0.0,0.0,0.0,0.0,0.001641658,0.0,0.0,0.0,0.0,0.0,0.0,0.0,0.0,0.002476887,0.0,0.0,0.0,0.0,0.004752167,0.0,0.0,0.0,0.001209643,0.0,0.000460816,0.0,0.0,0.0,0.0,0.0,0.0,0.0,0.0,0.0,0.0,0.0,0.0,0.0,0.0,-74.67695,39.14103333,20.492487494528092,18.477310266300975,31.893909019013233,31.97853762307728,2.0151772282271168,0.08462860406404715
25,NJOT_Aug_23_95,NJOT,8/1/23,Aug_23,edna,Trawl,95,B,1,bony,1,0.087133483,0.044501204,0.073490323,0.046577789,0.173540161,0.0,0.082357339,0.020869674,0.024877482,0.052246864,0.0,0.020703547,0.007558767,0.048467481,0.028719163,0.194991278,0.0,0.0,0.0,0.0,0.009448459,0.002782623,0.0,0.002927984,0.017713265,0.005855968,0.0,0.0,0.0,0.0,0.026061135,0.027286319,0.0,0.0,0.001889692,0.0,0.0,0.0,0.0,0.0,0.0,0.0,0.0,0.0,0.0,0.0,0.0,0.0,0.0,0.0,0.0,0.0,0.0,0.0,0.0,0.0,0.0,0.0,0.0,0.0,0.0,0.0,0.0,0.0,0.0,0.0,0.0,0.0,0.0,0.0,0.0,0.0,0.0,0.0,-74.4973,39.16583333,20.549351738833224,16.28604209301482,31.850125342194804,32.11543974557085,4.263309645818403,0.26531440337604906
26,NJOT_Aug_23_97,NJOT,8/1/23,Aug_23,edna,Trawl,97,B,1,bony,1,0.021997221,0.065793131,0.030653167,0.041254715,0.137145126,0.0,0.336827477,0.030375223,0.01421481,0.066587254,0.005122096,0.035417907,0.010363311,0.114472901,0.015644233,0.007980941,0.0,0.0,0.007504467,0.015683939,0.014055986,0.0,0.0,0.005320627,0.00591622,0.0,0.0,0.0,0.0,0.0,0.011117729,0.0,0.0,0.0,0.0,0.0,0.0,0.0,0.0,0.0,0.0,0.0,0.006551519,0.0,0.0,0.0,0.0,0.0,0.0,0.0,0.0,0.0,0.0,0.0,0.0,0.0,0.0,0.0,0.0,0.0,0.0,0.0,0.0,0.0,0.0,0.0,0.0,0.0,0.0,0.0,0.0,0.0,0.0,0.0,-74.02381667,39.3575,22.971802592184215,14.29171511064178,31.494134975169658,32.28832744509304,8.680087481542435,0.7941924699233809
27,NJOT_Aug_23_99,NJOT,8/1/23,Aug_23,edna,Trawl,99,B,1,bony,1,0.034771382,0.052802636,0.019055251,0.033435733,0.046079872,0.0,0.520724812,0.02564445,0.021993678,0.053114287,0.0,0.028627399,0.008637193,0.039089978,0.013712657,0.008236499,0.0,0.0,0.0,0.0,0.0,0.047771693,0.012198923,0.0,0.0,0.0,0.0,0.0,0.0,0.0,0.0,0.00440764,0.0,0.0,0.0,0.0,0.0,0.0,0.0,0.0,0.0,0.0,0.029695917,0.0,0.0,0.0,0.0,0.0,0.0,0.0,0.0,0.0,0.0,0.0,0.0,0.0,0.0,0.0,0.0,0.0,0.0,0.0,0.0,0.0,0.0,0.0,0.0,0.0,0.0,0.0,0.0,0.0,0.0,0.0,-73.92515,39.49335,23.620752935309618,14.63196013394342,31.589261902481752,32.555056079058986,8.988792801366198,0.9657941765772335
