Atl_croaker_(nibea98),Bay_anchovy,Black_drum_or_Spot,Black_sea_bass,Brd_striped_anchovy,Little_tunny_or_skipjack_tuna,Nor_sea_robin,Scup,Smallmouth_flounder,Southern_kingfish(nibea95),Str_sea_robin,Summ_flounder,Summ_flounder99a,Weakfish_Cyn,Windowpane_flounder,Am_butterfish,Atl_chub_mackerel,Frigate_or_bullet_tuna,Giant_trevally99,Hogchoker_trinectes,Nor_kingfish,Red_White_or_Spotted_hake,Spanish_mackerel,Tautog,Thread_herring,Atl_menhaden_LS16_or_river_herrings,Cobia,Cunner,Am_conger,Atl_or_nor_sand_lance,Bluefish,Silver_anchovy,Seaboard_goby,Nor_puffer,Silver_perch(nibea93),Sturgeon,Crested_blenny_refseq_not_full_length,Str_burrfish,Dwarf_goatfish,Fourspot_flounder,Nor_sennet95,Tuna_sp,Atl_moonfish,Atl_silverside,Gulf_stream_flounder,Str_cusk_eel,Nor_stargazer,Grey_triggerfish,Nor_pipefish,Planehead_filefish,Rough_scad,Str_killifish,Mummichog,Rough_silverside94,Sheepshead_minnow,Str_bass,White_mullet,Am_eel,Red_eye_round_herring,Inshore_lizardfish,Atl_mackerel,Flathead_grey_mullet,Silver_hake,Winter_or_Yellowtail_flounder,Atl_herring,Atl_cod,Am_gizzard_shad,Fourspine_stickleback,Catfish_sp,White_perch,Whitefish_Cor,Pac_sand_lance,White_catfish,Atl_salmon
0.020177178,0.009887821,0.019700354,0.085627525,0.00720255,0.007127262,0.752151981,0.017692674,0.000451728,0.004567471,0.014204332,0.011368484,0.00707707,0.023163601,0.01959997,0,0,0,0,0,0,0,0,0,0,0,0,0,0,0,0,0,0,0,0,0,0,0,0,0,0,0,0,0,0,0,0,0,0,0,0,0,0,0,0,0,0,0,0,0,0,0,0,0,0,0,0,0,0,0,0,0,0,0
0.044936571,0.020750904,0.012989477,0.029527578,0.013369009,0.001347338,0.667795774,0.041293065,0.008776674,0.004535406,0,0.026766484,0.003178579,0.015342575,0.058514323,0.002343609,0.003216532,0.003880713,0.003415787,0.006395112,0.00423178,0.012135531,0.009611644,0.003643506,0.00200203,0,0,0,0,0,0,0,0,0,0,0,0,0,0,0,0,0,0,0,0,0,0,0,0,0,0,0,0,0,0,0,0,0,0,0,0,0,0,0,0,0,0,0,0,0,0,0,0,0
0.063511589,0.015948034,0.066176788,0.039837714,0.022918555,0,0.576923907,0.013185722,0,0,0,0.027806552,0,0.007078424,0.042427381,0.003409729,0,0,0,0,0.003614744,0.010186024,0.002190427,0.005103802,0.021332384,0.070665544,0.003183133,0.004499547,0,0,0,0,0,0,0,0,0,0,0,0,0,0,0,0,0,0,0,0,0,0,0,0,0,0,0,0,0,0,0,0,0,0,0,0,0,0,0,0,0,0,0,0,0,0
0.027996782,0.01232502,0.03848753,0.068897828,0,0,0.675720032,0.014191472,0.008946098,0,0,0.051681416,0.004183427,0,0.028865648,0.003636364,0,0,0.00769107,0,0,0,0.016765889,0.003218021,0.00302494,0.014770716,0,0,0.004440869,0.006918745,0.005921158,0.002316975,0,0,0,0,0,0,0,0,0,0,0,0,0,0,0,0,0,0,0,0,0,0,0,0,0,0,0,0,0,0,0,0,0,0,0,0,0,0,0,0,0,0
0.010589079,0.000259779,0.03829882,0.136185952,0.002449343,0,0.612125486,0.005665652,0.008869591,0,0.009463371,0.021784309,0,0.003686385,0.047193152,0.005789356,0.000828818,0,0,0.003624533,0,0.005640911,0,0,0.004787352,0.077884163,0,0.001100967,0.000841189,0,0,0,0.00293179,0,0,0,0,0,0,0,0,0,0,0,0,0,0,0,0,0,0,0,0,0,0,0,0,0,0,0,0,0,0,0,0,0,0,0,0,0,0,0,0,0
0.153284853,0.000522987,0.136673806,0.017557404,0.003785426,0,0.093963242,0.059520845,0.010509538,0,0.001743288,0.02055835,0.004744235,0.001021069,0.074052398,0.010248045,0,0.000373562,0.000684863,0,0.001133137,0.360947851,0,0.000697315,0,0.018889774,0,0,0,0.000373562,0.017445335,0,0.006973153,0.002677193,0.000323754,0.001295014,0,0,0,0,0,0,0,0,0,0,0,0,0,0,0,0,0,0,0,0,0,0,0,0,0,0,0,0,0,0,0,0,0,0,0,0,0,0
0.138364163,0,0.179569207,0.046317649,0.008409793,0,0.201157941,0.053127913,0.023011628,0,0.014013051,0.079299347,0,0.002943918,0.075648889,0.017123792,0,0,0,0,0,0.046945685,0,0.042068593,0,0.017849958,0,0,0.003149993,0,0.006133163,0,0.005240175,0,0,0,0.002090182,0.037534959,0,0,0,0,0,0,0,0,0,0,0,0,0,0,0,0,0,0,0,0,0,0,0,0,0,0,0,0,0,0,0,0,0,0,0,0
0.111077879,0.005176579,0.246554699,0.049718164,0.008374554,0,0.124836075,0.106142874,0.006073853,0.000368112,0.013723686,0.077407109,0.015483723,0.004049235,0.046796273,0.042390429,0,0,0,0.000954791,0.006315426,0.019210859,0.000782239,0.004371333,0,0.091844012,0,0,0,0,0.015437709,0,0,0.000931784,0,0,0,0.0006557,0.001322903,0,0,0,0,0,0,0,0,0,0,0,0,0,0,0,0,0,0,0,0,0,0,0,0,0,0,0,0,0,0,0,0,0,0,0
0.049379385,0.022558014,0.051915812,0.050566649,0.00982191,0,0.113167836,0.023313546,0.006475985,0.006961684,0.004587156,0.009552078,0,0.012088505,0.008796546,0.150512682,0,0,0,0,0.005990286,0.007717215,0,0.00998381,0.041392337,0.385590934,0,0,0.000593632,0.001295197,0.013707501,0,0.001996762,0,0,0,0,0,0,0.001511063,0,0,0.001672963,0.00124123,0.007609282,0,0,0,0,0,0,0,0,0,0,0,0,0,0,0,0,0,0,0,0,0,0,0,0,0,0,0,0,0
0.164526271,0.044228925,0.112277523,0.069407439,0.016439305,0,0.233267612,0.064478312,0.023713098,0.015480124,0.001412128,0.065250986,0.006314612,0.015053821,0.035036769,0.044388788,0,0,0,0,0.007913247,0.006474475,0,0.012655867,0,0.03064052,0,0,0,0,0.004822551,0,0.018757327,0,0,0,0,0,0,0,0.003783438,0,0,0,0,0.003676862,0,0,0,0,0,0,0,0,0,0,0,0,0,0,0,0,0,0,0,0,0,0,0,0,0,0,0,0
0.09928921,0.079908507,0.071103569,0.028825106,0,0,0.177426892,0.038663027,0.103445732,0.005755183,0.00676357,0.050320962,0.010403601,0.004845176,0.126982956,0.026267247,0,0,0,0.004599228,0.017413119,0.039204112,0,0.00983792,0.021028555,0.054206941,0,0,0,0,0.003418677,0,0,0.008878723,0,0,0,0,0,0.002188937,0.001205145,0,0,0,0,0,0.008017905,0,0,0,0,0,0,0,0,0,0,0,0,0,0,0,0,0,0,0,0,0,0,0,0,0,0,0
0.23903662,0.062485444,0.079226775,0.125847684,0.005205979,0,0.127847876,0.060457852,0.016864631,0,0.001671393,0.019125122,0.002575589,0.022152809,0.073924897,0.062649843,0,0,0,0,0.005000479,0.011069555,0,0,0.02918088,0.042565725,0,0,0,0,0.005671777,0.004068883,0.000931596,0,0.000369898,0,0,0,0.000287699,0,0,0,0,0,0,0.000657597,0,0.001123395,0,0,0,0,0,0,0,0,0,0,0,0,0,0,0,0,0,0,0,0,0,0,0,0,0,0
0.142499008,0.118619918,0.092143707,0.026223713,0,0,0.274248819,0.060455218,0.001298561,0.089438372,0.002975868,0.021696786,0,0.025087472,0.01163294,0.075749378,0,0,0.003084082,0,0.005446741,0.010478664,0,0.001695343,0.019045558,0.007863507,0,0,0,0,0.000739458,0,0.004941745,0,0,0,0,0,0.002308552,0,0,0,0,0,0,0,0,0.002326588,0,0,0,0,0,0,0,0,0,0,0,0,0,0,0,0,0,0,0,0,0,0,0,0,0,0
0.231939027,0.180323469,0.099679751,0.028088883,0.015565177,0,0.050130604,0.036336637,0.057331735,0.023481948,0.001717537,0.044199735,0.001976956,0.041739722,0.043824024,0.071224103,0,0,0,0,0.010081583,0.003587147,0,0,0.001672809,0.037785809,0,0,0,0,0.008462447,0.003560311,0,0.004964755,0,0,0,0,0,0,0,0,0,0,0,0,0,0.000948223,0,0.001377608,0,0,0,0,0,0,0,0,0,0,0,0,0,0,0,0,0,0,0,0,0,0,0,0
0.036179112,0.058058558,0.142274783,0.007834561,0.127932652,0,0.023843394,0.010170067,0.004214527,0.160990679,0.004012824,0.054746385,0.014756152,0.117454723,0.036805452,0.084407312,0,0,0.006486337,0.004893947,0.000456485,0.004724092,0,0.003354636,0.004034056,0.016210535,0,0,0,0.000403406,0.013153146,0,0.001687934,0.002335506,0.013630863,0,0.000944818,0,0,0,0.00504257,0,0.005392896,0.0113909,0,0.004384382,0,0.000636956,0.003694346,0,0,0,0.002983078,0.00809996,0.001549927,0.000382174,0.000445869,0,0,0,0,0,0,0,0,0,0,0,0,0,0,0,0,0
0.02949818,0.090238678,0.114808789,0.010265835,0.048227183,0,0.021479825,0.006391272,0.005759168,0.14593405,0.000573576,0.032518232,0.024394526,0.130131454,0.077514661,0.20185183,0,0,0.001193974,0.007725714,0.001720727,0.000550164,0,0.000339463,0,0.037048309,0,0,0,0,0.005653818,0,0,0.002750822,0.000632104,0,0,0,0,0,0.000772571,0,0.001147151,0,0,0.000632104,0,0,0,0,0,0,0,0,0,0,0,0.000245818,0,0,0,0,0,0,0,0,0,0,0,0,0,0,0,0
0.058151129,0.065593535,0.146958193,0.035237381,0.137241357,0,0.042334387,0.195183942,0.012382287,0.030251882,0.000430122,0.025892013,0.006354068,0.102981524,0.088872234,0.006816775,0,0,0,0.001596663,0.007924664,0.001101372,0,0,0.021167193,0,0,0,0,0,0.008837043,0.001524976,0.001368569,0,0,0,0,0,0,0,0.000984066,0,0,0,0,0,0,0,0.000443156,0,0,0,0,0,0,0,0,0,0.000371469,0,0,0,0,0,0,0,0,0,0,0,0,0,0,0
0.031922429,0.031439255,0.068187933,0.089782517,0.10501897,0,0.154972574,0.079465653,0.023686508,0.035172872,0,0.051337239,0.004085017,0.067122754,0.113150569,0.04589055,0,0,0,0.007099364,0.004359547,0.001866809,0.001405597,0.002295077,0.004447397,0.002251152,0,0,0,0,0.004634078,0.054527286,0.001603259,0.006555793,0.000362381,0,0,0,0,0,0,0,0,0,0,0.002888063,0,0,0,0,0.002816685,0,0,0,0,0,0,0,0.001652675,0,0,0,0,0,0,0,0,0,0,0,0,0,0,0
0.089165334,0.070771949,0.0426128,0.038123891,0.028175067,0,0.097331328,0.048168223,0.026989168,0.078555908,0,0.004035243,0,0.036651465,0.027259776,0.020446822,0,0,0,0,0,0.006685609,0,0,0,0.313141202,0,0,0,0,0.054153435,0.005292774,0,0.00980556,0,0,0,0,0,0,0,0,0,0,0,0,0,0,0,0,0,0,0,0.002634448,0,0,0,0,0,0,0,0,0,0,0,0,0,0,0,0,0,0,0,0
0.085654416,0.011567939,0.084429688,0.040626525,0.04772612,0,0.121621234,0.109096476,0.011606212,0.128405079,0.000554955,0.044893937,0.010151847,0.015127305,0.141829246,0.039143456,0,0,0,0.08378862,0,0,0,0,0.008640073,0,0,0,0,0,0.004736253,0.002813047,0,0.003128797,0,0,0,0,0,0,0,0,0,0,0,0,0,0.004458775,0,0,0,0,0,0,0,0,0,0,0,0,0,0,0,0,0,0,0,0,0,0,0,0,0,0
0.053971433,0.067068993,0.087202867,0.123385864,0.055183682,0,0.274811574,0.066937227,0.007378907,0.023981447,0,0.056106045,0.004190165,0.025404522,0.053022716,0.03726348,0,0.017050546,0,0.004875349,0.007721499,0.001712961,0,0.001607548,0.001818373,0.005929479,0.001396722,0,0,0.00463817,0.003452274,0.005639593,0,0.003979339,0,0,0,0,0.001133189,0,0.003136035,0,0,0,0,0,0,0,0,0,0,0,0,0,0,0,0,0,0,0,0,0,0,0,0,0,0,0,0,0,0,0,0,0
0.022906573,0.07772507,0.025620862,0.015879861,0,0,0.703178509,0.041247051,0.045483372,0.01714822,0,0,0,0,0,0,0,0,0,0.039522082,0,0,0,0,0,0,0.0112884,0,0,0,0,0,0,0,0,0,0,0,0,0,0,0,0,0,0,0,0,0,0,0,0,0,0,0,0,0,0,0,0,0,0,0,0,0,0,0,0,0,0,0,0,0,0,0
0.045996593,0.020180841,0.109815227,0.103131962,0.01716682,0,0.303498886,0.08295112,0,0.108373739,0.005372821,0.031450662,0,0.028698729,0.063294457,0.02162233,0,0,0,0.018477264,0.002751933,0.001310444,0,0,0.019787708,0,0,0,0,0.003276111,0.007731621,0,0,0.003014022,0,0,0,0,0,0,0,0,0,0,0,0.002096711,0,0,0,0,0,0,0,0,0,0,0,0,0,0,0,0,0,0,0,0,0,0,0,0,0,0,0,0
0.147357471,0.033101478,0.074028071,0.028071047,0.049605639,0,0.126987331,0,0.006381195,0.066560055,0,0,0.007312756,0,0.036330891,0.012094771,0,0,0,0.011442678,0,0,0,0,0.001956279,0.196419699,0,0,0,0.008958514,0.023723761,0,0,0,0.008632468,0,0,0,0,0,0,0.007079866,0,0.034778288,0,0.02005962,0,0,0,0,0,0.008073531,0.054527388,0.005822258,0.030694945,0,0,0,0,0,0,0,0,0,0,0,0,0,0,0,0,0,0,0
0.020967138,0.034878028,0.161804096,0.012557242,0.142219406,0,0.053829095,0.020391118,0.016819792,0.147086777,0,0.033322773,0,0.035943665,0.025546499,0.042020679,0,0,0.002419285,0.021139944,0.008409896,0.003456122,0,0,0.003312117,0.180639959,0.001180842,0,0,0,0.012902854,0,0,0,0.008611503,0,0,0,0,0.001641658,0,0,0,0,0,0,0,0,0.002476887,0,0,0,0,0.004752167,0,0,0,0.001209643,0,0.000460816,0,0,0,0,0,0,0,0,0,0,0,0,0,0
0.087133483,0.044501204,0.073490323,0.046577789,0.173540161,0,0.082357339,0.020869674,0.024877482,0.052246864,0,0.020703547,0.007558767,0.048467481,0.028719163,0.194991278,0,0,0,0,0.009448459,0.002782623,0,0.002927984,0.017713265,0.005855968,0,0,0,0,0.026061135,0.027286319,0,0,0.001889692,0,0,0,0,0,0,0,0,0,0,0,0,0,0,0,0,0,0,0,0,0,0,0,0,0,0,0,0,0,0,0,0,0,0,0,0,0,0,0
0.021997221,0.065793131,0.030653167,0.041254715,0.137145126,0,0.336827477,0.030375223,0.01421481,0.066587254,0.005122096,0.035417907,0.010363311,0.114472901,0.015644233,0.007980941,0,0,0.007504467,0.015683939,0.014055986,0,0,0.005320627,0.00591622,0,0,0,0,0,0.011117729,0,0,0,0,0,0,0,0,0,0,0,0.006551519,0,0,0,0,0,0,0,0,0,0,0,0,0,0,0,0,0,0,0,0,0,0,0,0,0,0,0,0,0,0,0
0.034771382,0.052802636,0.019055251,0.033435733,0.046079872,0,0.520724812,0.02564445,0.021993678,0.053114287,0,0.028627399,0.008637193,0.039089978,0.013712657,0.008236499,0,0,0,0,0,0.047771693,0.012198923,0,0,0,0,0,0,0,0,0.00440764,0,0,0,0,0,0,0,0,0,0,0.029695917,0,0,0,0,0,0,0,0,0,0,0,0,0,0,0,0,0,0,0,0,0,0,0,0,0,0,0,0,0,0,0
0.099418475,0.084656676,0.044397227,0,0.051107135,0,0,0.012972489,0.189331246,0.038358309,0,0.037128159,0,0.083091031,0.069223887,0.017557593,0,0,0,0,0.033549541,0.013978976,0,0,0,0.16730038,0,0,0,0,0,0,0,0,0,0.030418251,0,0,0,0,0,0,0,0.016774771,0,0,0,0,0,0,0,0,0,0,0,0,0,0,0,0,0,0,0.010735853,0,0,0,0,0,0,0,0,0,0,0
0.001721001,0.115872548,0.136426218,0.012464965,0.005384275,0,0.044770615,0.015193981,0.007424891,0.030682992,0.001696415,0.030879677,0,0.03333825,0.035477209,0.126124797,0,0,0,0,0.030781335,0.069749717,0,0,0,0.191104883,0,0,0,0.001327629,0.033977479,0,0,0.001106358,0.014702267,0.056129223,0,0,0,0,0,0,0,0,0,0,0,0,0,0,0.003663274,0,0,0,0,0,0,0,0,0,0,0,0,0,0,0,0,0,0,0,0,0,0,0
0.0002088,0.064978633,0.069530478,0.015312017,0.001809602,0,0.420161751,0.005122566,0.004203845,0.013070895,0.007530728,0.016815379,0,0.015896658,0.049346455,0.058700706,0,0,0,0.000737761,0.014964017,0.04450229,0,0.00018096,0,0.037570122,0,0,0,0.02690739,0.006723368,0,0,0,0.003591364,0.089923301,0,0,0,0.014254096,0,0,0.00038976,0.0002784,0.003034563,0,0,0,0,0,0,0,0,0,0,0,0,0,0,0,0,0,0.001948802,0.011678893,0.00016704,0,0,0,0.00016704,0.00029232,0,0,0,0
0.016348774,0.023614896,0,0.025431426,0,0,0.124432334,0,0,0,0,0.025431426,0,0.009990917,0.007266122,0.018165304,0,0,0,0,0,0.010899183,0,0,0,0.0626703,0,0,0,0.670299728,0,0,0,0,0,0,0,0,0,0.005449591,0,0,0,0,0,0,0,0,0,0,0,0,0,0,0,0,0,0,0,0,0,0,0,0,0,0,0,0,0,0,0,0,0,0
0.000262722,0.002589685,0.000300253,0.022218747,0.154467832,0,0.033553311,0.046564289,0.016682826,0.000544209,0.001451224,0.083639321,0,0.000193914,0.057836299,0.151746786,0,0,0,0,0.118806493,0.031820599,0,0.000237701,0,0.044237325,0,0,0,0,0.000350296,0,0,0,0,0.001382416,0,0,0,0.000869484,0,0,0,0.000237701,0,0,0,0,0,0,0.228786789,0,0,0,0,0,0,0,0,0,0,0,0.000444125,0.000625528,0,0.000150127,0,0,0,0,0,0,0,0
0.106499111,0.033637979,0.005077431,0.027164255,0.098629094,0,0.014216806,0.086062452,0.01320132,0.026275704,0.003808073,0.016247779,0,0.114876872,0.160700685,0.098629094,0,0,0,0,0.034272658,0.061183041,0,0.001396293,0,0.057755776,0,0,0,0,0.001142422,0,0,0,0,0,0,0,0,0,0,0,0,0,0,0,0,0,0,0,0.022721503,0,0.001777101,0,0,0,0,0,0,0,0,0,0.014724549,0,0,0,0,0,0,0,0,0,0,0
0.093850111,0,0.005955872,0.009306051,0.171231331,0,0.023056445,0.158811984,0.020811713,0.113601498,0.005628751,0.066699003,0,0.065672517,0.050895637,0.072124712,0,0,0,0,0.061780896,0.050173713,0,0,0,0.0072982,0,0,0,0,0.00182737,0,0,0,0.001071606,0.001003925,0,0,0,0,0,0,0,0,0,0,0,0,0,0,0.019198664,0,0,0,0,0,0,0,0,0,0,0,0,0,0,0,0,0,0,0,0,0,0,0
0.002029444,0.380744359,0.305001376,0.000894331,0.010044029,0,0.002786186,0.005090809,0.000859934,0.041173638,0,0.00612273,0,0.069723445,0.067694001,0.010628784,0,0,0,0.005331591,0.005331591,0.017749037,0,0,0,0,0,0,0,0,0.011419923,0,0,0,0.054382223,0.002614199,0,0,0,0,0,0,0,0,0,0,0,0,0,0,0.000378371,0,0,0,0,0,0,0,0,0,0,0,0,0,0,0,0,0,0,0,0,0,0,0
0.029526299,0.487037235,0.069081404,0.001200256,0.026218927,0,0.009708738,0.015576656,0.003894164,0.083804545,0,0.017016964,0,0.116238131,0.035127494,0.013682919,0,0,0,0.009975461,0.002293823,0.018030513,0,0.001520324,0,0.011522458,0,0,0,0,0.012082578,0,0,0,0.034220634,0,0,0,0,0,0,0,0,0,0,0,0,0,0,0,0.002240478,0,0,0,0,0,0,0,0,0,0,0,0,0,0,0,0,0,0,0,0,0,0,0
0.008571795,0.040180287,0.027567171,0.000267869,0.008583441,0,0.00885131,0.011017551,0.035591582,0.080139292,0,0.018296589,0,0.555920478,0.085321966,0.007640078,0,0,0,0.004332483,0.001723676,0.034240593,0,0,0,0.001525686,0,0,0,0,0.000838545,0,0.001199585,0,0.002061423,0.063240278,0,0,0,0,0,0,0,0.000314454,0,0.000605616,0,0,0,0,0.000500798,0,0,0,0,0,0,0,0,0,0,0,0,0.001304404,8.15E-05,0,0,0,0,0,8.15E-05,0,0,0
0.025738151,0.061851028,0.026647595,0.002154411,0.078168044,0,0.016193403,0.196051423,0.016661369,0.053515929,0,0.053145087,0,0.246891997,0.067616727,0.014913117,0,0,0,0.001712934,0.016140425,0.049763368,0,0.003787879,0,0.013624002,0,0,0,0.007505121,0.015160345,0,0.001818888,0,0.003108003,0.023981069,0,0,0,0,0,0,0,0,0,0,0,0,0,0,0.002004309,0,0,0,0,0,0,0.0003885,0,0,0,0,0.00020308,0.001253797,0,0,0,0,0,0,0,0,0,0
0.023348819,0.064993534,0.011327171,0.006489774,0.047224484,0,0.020379329,0.44822549,0.006370037,0.048828967,0,0.010010058,0.009124,0.119067005,0.035298625,0.030245701,0,0,0,0,0.014368504,0.02708463,0,0.002993438,0,0.004190814,0,0,0,0.011446908,0.037717324,0,0,0,0.003999234,0.00950716,0,0,0,0,0,0,0,0,0.004190814,0,0,0,0,0,0,0,0,0,0,0,0,0,0,0,0,0,0,0,0,0,0,0,0,0,0,0.003568179,0,0
0.001279431,0.002376086,0.001262815,0.002808102,0.014389446,0,0.069969925,0.006197763,0,0.002160078,0.000199392,0.002160078,0,0.00832461,0.002425934,0.747902232,0,0,0,0.000448632,0.001977303,0.036173006,0,0.000199392,0,0,0,0,0,0.000847415,0.001046807,0,0.000116312,0,0.000481864,0.001179735,0,0,0,0.02808102,0,0,0,0,0.064320489,0,0,0,0,0,0,0,0,0,0,0,0,0,0,0,0,0,0.003672133,0,0,0,0,0,0,0,0,0,0,0
0.002112764,0.016322134,0.001822776,0.006876838,0.088225141,0,0.013394645,0.051631523,0.007663946,0.001822776,0.004308381,0.020395763,0,0.009997652,0.055636108,0.556002044,0,0,0,0.000138089,0.003231285,0.035654611,0,0,0,0.001298038,0,0,0,0.000524739,0.001974674,0,0.000151898,0,0.000469503,0.069804052,0,0,0,0.031139097,0,0,0,0,0.015548835,0,0,0,0,0,0,0,0,0,0,0,0,0,0,0,0,0,0.003769833,8.29E-05,0,0,0,0,0,0,0,0,0,0
0.004703116,0.076585965,0.008016675,0.002832558,0.037518038,0,0.020148576,0.112073112,0.033830367,0.032708033,0.001122334,0.006199562,0,0.036128481,0.018759019,0.51461707,0,0,0,0.001977446,0.002191224,0.026187804,0,0.000694778,0,0.008497675,0,0,0,0,0.004382449,0,0,0,0.002405002,0.017048795,0,0,0,0.016567794,0,0,0,0.003473892,0.008016675,0,0,0,0,0,0,0,0.001282668,0,0,0,0,0,0,0,0,0,0.00154989,0.000481,0,0,0,0,0,0,0,0,0,0
0.00066661,0.372174482,0.010823324,0.001721066,0.014895706,0,0.005478323,0.043317537,0.032748736,0.073739198,0.001539263,0.005126838,0,0.254693541,0.044626517,0.071400002,0,0,0,0.003611815,0,0.033572909,0,0,0,0.005454083,0,0,0,0.012798914,0.005175318,0,0,0,0.004775352,0.00063025,0,0,0,0,0,0,0.001030216,0,0,0,0,0,0,0,0,0,0,0,0,0,0,0,0,0,0,0,0,0,0,0,0,0,0,0,0,0,0,0
0.002921922,0.292593708,0.004371731,0.010739737,0.007828967,0,0.134676079,0.023219245,0.012178393,0.092620474,0.004784369,0.020977617,0,0.145884216,0.023453444,0.11570589,0,0,0,0,0.008040862,0.037081647,0,0,0,0.001394047,0,0,0,0.01934937,0.018947885,0,0,0,0.001561332,0.003970245,0,0,0,0.007025996,0,0,0,0,0,0,0,0,0,0,0.003368017,0,0,0,0,0,0,0,0,0,0,0,0,0,0,0,0,0,0,0.006724882,0,0,0.000579923,0
0,0.167316067,0.005367102,0.003896402,0.02440981,0.005080602,0.229811292,0.021468409,0.011249904,0.026950111,0.013962106,0.052467721,0,0.15003056,0.022576209,0.155435862,0,0,0,0,0.008155703,0.041370617,0,0,0,0.011555505,0,0,0,0.014305906,0.004431202,0,0,0,0.011058904,0,0,0,0,0,0,0,0,0.003266101,0.015833906,0,0,0,0,0,0,0,0,0,0,0,0,0,0,0,0,0,0,0,0,0,0,0,0,0,0,0,0,0
0.013723714,0.072812475,0,0.032566748,0.010081122,0,0.235665905,0.003504765,0,0.105438293,0.015200441,0.058399622,0,0.053713476,0.014865716,0.098231866,0,0,0,0,0.041761834,0.014255336,0,0,0,0.047176498,0,0,0,0,0.006025045,0,0,0,0.001791762,0.010927778,0,0,0,0.159269906,0,0,0,0,0,0,0,0,0,0,0,0,0,0,0,0,0,0,0,0,0,0,0.001653934,0,0,0,0,0,0,0.002933764,0,0,0,0
0.022667646,0.053888131,0.011788575,0.008272991,0.084968692,0,0.06508203,0.009095043,0.024783993,0.039983209,0.013904922,0.012680589,0.01233078,0.063630321,0.020044076,0.130426418,0,0,0,0,0.008552839,0.003585546,0,0.006751321,0,0.046839472,0,0,0.003812922,0.289782069,0.004914821,0,0,0,0,0.008640291,0,0,0,0.03666002,0,0,0,0,0,0,0,0,0,0,0,0,0,0,0,0,0,0,0,0,0,0,0.006873754,0,0,0,0,0,0,0.010039528,0,0,0,0
0.009867257,0.04600295,0.076637168,0.012359882,0.079247788,0,0.098525074,0.025457227,0.009926254,0.03379056,0.010088496,0.016740413,0,0.054351032,0.13520649,0.303938053,0,0,0,0,0.010383481,0.024823009,0,0,0,0.00879056,0,0,0,0.000811209,0.005589971,0,0,0,0.007581121,0,0,0,0,0,0,0,0,0.002861357,0.02600295,0,0,0,0,0,0,0,0,0,0,0,0,0,0,0,0,0,0,0,0,0,0,0,0,0.001017699,0,0,0,0
0,0.163571245,0.013382517,0.019923651,0.055310114,0,0.192266449,0.026507678,0.013532641,0.045423351,0,0,0,0.030818392,0.015548597,0.244338166,0,0,0,0,0.020331132,0.043600412,0,0.022926139,0,0.009179034,0,0,0,0.014347602,0,0,0,0,0,0,0,0,0,0.020545595,0,0,0,0,0.048447285,0,0,0,0,0,0,0,0,0,0,0,0,0,0,0,0,0,0,0,0,0,0,0,0,0,0,0,0,0
0,0.082057388,0.002148506,0,0.102390536,0,0.164516004,0.008102196,0,0.011312012,0,0.079831226,0,0.012114466,0.060261704,0.05936865,0,0,0,0,0.052340706,0.010936671,0,0.003779299,0,0.029574311,0,0,0,0.148919923,0.122646027,0,0,0,0,0.012412151,0,0,0,0.006264318,0,0,0,0,0,0,0,0,0,0,0.025290242,0,0,0,0,0,0,0,0,0,0,0,0.005733663,0,0,0,0,0,0,0,0,0,0,0
0.015757313,0.008530041,0.019231366,0.003380998,0.26775024,0,0.108936381,0.052545054,0.073482428,0.003753218,0.011011508,0.070380595,0.003877291,0.036880797,0.023915134,0.1052452,0,0,0,0,0.015850368,0.093799435,0,0.00204721,0,0.010794379,0,0,0,0.001054623,0.022333199,0,0,0,0.00446664,0.001923137,0,0,0,0,0,0,0,0,0,0,0,0,0,0,0.037656255,0,0,0,0,0,0,0,0,0,0,0,0,0.00539719,0,0,0,0,0,0,0,0,0,0
0,0.026054782,0.010714836,0,0.055218665,0,0.158744026,0.049154633,0.053497096,0.009147438,0.013001696,0.070430135,0.007914076,0.057043014,0.019810884,0.202117272,0,0,0,0,0.021840793,0.094403618,0,0,0,0.038825222,0,0,0,0.015391336,0.007939771,0,0,0,0.001978519,0,0,0,0,0.016727478,0,0,0,0,0.038671052,0,0,0,0,0,0.009892595,0,0,0,0,0,0,0,0,0,0,0,0,0.016727478,0,0,0,0,0,0,0,0,0,0.004753584
0.005474891,0.028415003,0.008820657,0.025485456,0.015192021,0,0.173387549,0.023260281,0.006323339,0.000816431,0.034834393,0.067923864,0.002289209,0.015336097,0.071573791,0.049562169,0,0,0,0,0.028511054,0.021787504,0,0.012358525,0,0.323610867,0,0,0.000160085,0.001937023,0.016792867,0,0,0,0.003553876,0.00206509,0,0,0,0.046632622,0,0,0.000736389,0,0,0.001296685,0,0,0,0,0.003137657,0,0,0,0,0.005779051,0,0,0,0,0,0,0,0.002945555,0,0,0,0,0,0,0,0,0,0
0,0.058241184,0,0.050919008,0.021069934,0,0.204479229,0.04154214,0.002185445,0.001475643,0.008592349,0.114390317,0.009376868,0.011543634,0.033360729,0.161312014,0,0,0,0,0.019220711,0.048453377,0,0.021051255,0,0.064928273,0,0.042980424,0.009320831,0,0.010871189,0,0,0,0,0,0,0,0,0.031231321,0,0,0,0,0.008144053,0,0,0,0,0,0.013392857,0,0,0,0,0,0,0,0,0,0,0,0,0.009694411,0,0,0,0,0,0.002222803,0,0,0,0
0.007663076,0.010936501,0.006358722,0.027228375,0.008942345,0,0.073721044,0.017633853,0.003637139,0.006233304,0.013507582,0.082136631,0.007512573,0.021973336,0.013658084,0.308078211,0,0,0,0,0.002370411,0.167170431,0,0.010673122,0,0.023089561,0,0,0,0,0.000978265,0,0,0,0.001341979,0.001128767,0,0,0,0.03684798,0,0,0,0,0.11054394,0,0,0,0,0,0.002257535,0,0,0,0,0,0,0,0,0,0,0,0.00864134,0.025735894,0,0,0,0,0,0,0,0,0,0
0.014208067,0.073757986,0.010934172,0.00678618,0.009948826,0,0.046597375,0.202139156,0.012300944,0.008566161,0.012237373,0.022345126,0.003973173,0.023584756,0.009869362,0.114252567,0,0,0,0,0.010997743,0.077715267,0,0.118734306,0,0.112552049,0,0.006420648,0,0,0.00726296,0,0,0,9.54E-05,0.009297225,0,0,0,0.018896411,0,0,0,0,0.042655987,0,0.001907123,0,0,0,0,0,0,0,0,0.004592988,0,0,0,0,0,0,0.006802072,0.010568641,0,0,0,0,0,0,0,0,0,0
0,0.021454037,0.040536508,0,0,0,0.013349877,0,0.024767948,0.006894819,0,0.084810981,0,0,0.12961945,0,0,0,0,0,0.005135776,0.017810306,0,0,0,0.507750781,0,0,0,0.006203766,0,0,0,0,0,0,0,0,0,0,0,0,0,0.047572678,0,0,0,0,0,0,0,0,0,0,0,0.011041133,0,0,0,0,0.052991158,0.010271552,0.019537937,0.000251292,0,0,0,0,0,0,0,0,0,0
0,0.0133877,0.009241067,0,0,0,0.028127993,0,0.054103686,0,0,0.009626112,0.016941957,0,0.120489303,0.000720724,0,0,0,0,0,0.010021029,0,0.013575286,0,0.616979474,0,0,0,0,0,0,0,0,0,0.006486519,0,0,0,0,0,0,0,0.014355248,0,0,0,0,0,0,0,0,0,0,0,0,0,0,0,0,0.061162834,0,0.024781068,0,0,0,0,0,0,0,0,0,0,0
0.030300725,0.01137466,0.013219714,0.02664866,0,0,0.064405684,0.02096133,0,0.006124817,0,0.032469138,0,0,0.164323892,0.017499477,0,0,0,0,0,0.042721549,0,0,0,0.376219733,0,0,0,0,0,0,0.025469347,0,0,0,0,0,0,0,0,0,0,0.148935766,0,0,0,0,0,0,0,0,0,0,0,0.019325509,0,0,0,0,0,0,0,0,0,0,0,0,0,0,0,0,0,0
0.002776513,0.020035317,0.002676558,0.003509512,0,0,0,0.00506436,0.015581791,0,0,0.011550294,0.004231406,0.003320709,0.128852412,0.006585889,0,0,0,0,0,0.09403494,0,0,0,0.591430571,0,0,0.001577059,0,0,0,0,0,0.003742739,0,0,0,0,0,0,0,0,0.026487933,0,0,0,0,0,0,0,0,0,0,0,0.007963039,0,0,0,0.001643696,0.032551837,0,0.005586344,0.003753845,0.027043236,0,0,0,0,0,0,0,0,0
0.01625718,0.040471536,0.004414639,0.000487174,0,0,0.001678044,0,0.037752985,0.000421015,0,0.037758999,0.024912038,0.000926232,0.063873936,0.000342826,0,0,0,0,0,0.14885875,0,0,0,0.157844405,0,0,0,0.000565363,0.000445073,0,0.002201305,0,0.005082248,0,0,0,0,0,0.000234565,0,0,0.012486091,0,0,0,0,0.382997023,0,0,0,0,0,0,0.038005593,0,0.00077587,0,0,0.008853337,0.000402971,0.003488407,0.000553334,0.007909061,0,0,0,0,0,0,0,0,0
0.007542511,0.06249509,0.007430271,0.000437735,0,0,0.000202032,0,0.039845109,0,0,0.047544756,0.014422807,0.11036534,0.131634772,0.002761098,0,0,0,0,0,0.133879567,0,0,0,0.213603457,0,0,0,0,0,0,0.002166227,0,0.003232505,0,0,0,0,0,0,0,0,0.023098939,0,0,0,0,0.133251024,0,0,0,0,0,0,0.037948257,0,0,0,0,0.007576183,0,0.01335653,0,0.007205792,0,0,0,0,0,0,0,0,0
0.009928524,0.08070373,0,0,0,0,0,0,0.055974351,0,0,0.054606881,0.011996966,0.012594516,0.156856887,0,0,0,0,0,0,0.140998828,0,0,0,0.359460826,0,0,0,0,0.004412677,0,0,0,0,0,0,0,0,0,0,0,0,0.014214796,0,0,0,0,0.020845303,0,0,0,0,0,0,0.021488819,0,0,0,0,0.026004918,0,0.02047758,0,0.009434396,0,0,0,0,0,0,0,0,0
0,0,0,0,0,0,0,0,0,0,0,0.283855841,0,0,0.19472072,0,0,0,0,0,0,0.044246114,0,0,0,0.280565745,0,0,0,0,0,0,0,0,0,0,0,0,0,0,0,0,0,0,0,0,0,0,0.176039027,0,0,0,0,0,0,0,0,0,0,0,0.020572552,0,0,0,0,0,0,0,0,0,0,0,0,0
0,0.039378362,0.007680662,0.000752671,0,0,0.002215247,0.002386308,0.009767613,0,0,0.037154563,0.007595132,0.009562339,0.115132958,0.000487525,0,0,0,0,0,0.024701284,0,0.002266565,0,0.552913605,0,0,0,0,0,0,0,0,0,0,0.003438337,0,0,0,0,0,0,0.143400874,0,0,0,0.002660007,0,0,0,0,0.006124002,0,0,0.002694219,0,0,0,0,0.024735496,0.002138269,0.000846755,0,0.001967208,0,0,0,0,0,0,0,0,0
0,0.044625653,0,0.00664375,0,0,0,0,0.055585529,0,0,0.045920491,0,0.014952291,0.100380744,0.026497927,0,0,0,0,0,0.000477857,0,0,0,0.339324526,0,0,0,0,0,0,0,0,0,0,0,0,0,0,0,0,0,0.261171828,0,0,0,0,0,0,0,0,0,0,0,0.015183512,0,0,0,0,0.089235892,0,0,0,0,0,0,0,0,0,0,0,0,0
0,0.134381252,0.027807945,0.012746499,0,0,0.021606173,0.008373821,0,0.025635896,0,0.036124607,0.01689054,0,0.118405259,0.01128894,0,0,0,0,0,0.010002858,0,0,0.00634467,0.28593884,0,0,0,0.001971992,0,0,0,0,0.006516147,0.013603887,0,0,0,0,0.009202629,0,0,0.036953415,0,0,0,0,0,0,0,0.006030294,0,0,0,0.022577879,0,0,0,0,0.013775364,0.067362103,0,0,0.106458988,0,0,0,0,0,0,0,0,0
0,0,0.013252454,0,0,0,0,0,0.157266439,0,0,0.032092752,0.025339529,0,0.127071163,0.000328697,0,0,0,0,0,0.07450957,0,0,0,0.240874931,0,0,0,0,0,0,0,0,0,0,0,0,0,0,0,0,0,0.155144851,0,0,0,0,0,0,0,0,0,0,0,0,0,0,0,0,0.157281379,0,0.016838236,0,0,0,0,0,0,0,0,0,0,0
0.0195687,0.024276032,0,0.011534196,0,0,0,0.017769563,0.040492914,0,0,0,0,0.0008626,0.14267406,0.041182994,0,0,0,0.038570548,0.016660505,0.049932224,0,0,0,0.346913124,0,0,0,0,0,0,0,0,0.021367837,0,0,0,0,0,0,0,0,0.073592113,0,0,0,0,0.036796057,0,0,0,0,0,0,0.044781269,0,0,0,0,0.073025262,0,0,0,0,0,0,0,0,0,0,0,0,0
0,0.022683904,0,0,0,0,0.009554654,0.018867417,0.026164431,0,0,0.095224017,0,0,0.131991292,0,0,0,0,0,0.033676459,0.017187626,0,0,0,0.214811729,0,0,0,0,0,0,0,0,0,0,0,0,0,0,0,0,0,0.001760421,0,0,0,0,0,0,0,0,0,0,0,0,0,0,0,0,0.390491037,0.037587013,0,0,0,0,0,0,0,0,0,0,0,0
0,0,0,0,0,0,0,0,0.0173717,0.008021359,0,0.013954316,0,0.008863839,0.124568377,0.050228419,0,0,0,0,0,0.011296351,0,0,0,0.301097597,0,0,0,0,0,0,0.011284485,0,0,0,0,0,0,0,0,0,0,0,0,0,0,0,0,0,0,0,0,0,0,0.001530703,0,0,0,0,0.42762385,0,0.024159003,0,0,0,0,0,0,0,0,0,0,0
0,0.03440744,0.014186314,0.004098268,0,0,0.000855682,0,0.009615168,0.009187327,0,0.057465829,0,0.054313315,0.102276566,0.014906888,0,0,0,0,0,0,0,0,0,0.145533563,0,0,0,0,0,0.004143304,0,0,0,0,0,0,0,0,0,0,0,0.063478124,0,0,0,0,0.013600847,0,0,0,0.021166881,0,0,0.013916098,0,0,0,0,0.293386476,0.101285775,0,0.023733928,0.018442208,0,0,0,0,0,0,0,0,0
0,0.009930145,0.004053641,0,0.006564858,0,0.003849684,0,0,0,0,0.02014073,0,0,0.060371201,0.025367122,0,0,0,0,0,0.00518815,0,0,0,0.724543647,0,0,0,0,0,0,0.003327045,0,0,0,0,0,0,0,0,0,0,0.006819804,0,0.004295839,0,0,0,0,0,0,0,0,0,0.00485672,0,0,0,0,0.112864573,0,0.007826841,0,0,0,0,0,0,0,0,0,0,0
0,0.027535855,0.013371433,0,0,0,0.006863456,0,0.011881161,0.010924105,0,0.02104155,0,0,0.11105946,0.106834744,0,0,0,0,0,0.026401061,0,0,0,0.301677582,0,0,0.010418233,0.005632956,0.000478528,0,0,0,0,0,0,0,0,0,0,0,0,0.018635239,0,0,0,0,0,0,0,0,0,0,0,0.005824367,0,0,0,0,0.179611982,0,0.049288361,0.048741472,0.043778455,0,0,0,0,0,0,0,0,0
0,0.013585509,0.013985083,0,0,0,0.003263186,0.001398508,0.005660629,0,0,0.010988279,0,0.00396244,0.052011188,0.066562334,0,0,0,0,0.001098828,0.103223229,0,0.002397443,0,0.401505061,0,0,0.000632658,0,0,0,0.000799148,0,0,0.002663825,0.060602025,0,0,0,0,0,0,0.006692861,0,0,0,0,0.00213106,0,0,0,0,0,0,0.006259989,0,0,0,0,0.144246137,0.002397443,0.058038093,0.01814731,0.014617741,0.003129995,0,0,0,0,0,0,0,0
0,0.204265609,0,5.57E-05,0,0,8.91E-05,0,0,0,0,0,0,0,0.081601498,0.040550027,0,0,0,0,0,0.075851617,0,0,0,0.350285823,0,0.038967696,0,0,0,0,0,0,0,0,0,0,0,0,0,0,0,0.031312332,0,0,0,0,0,0,0,0,0,0,0,0,0,0,0,0,0.143479569,0,0,0,0.033540968,0,0,0,0,0,0,0,0,0
0,0.2836982,0.009963596,0,0,0,0.006183613,0.002692864,0.007190944,0.004059243,0,0.008976213,0.002393657,0,0.290919064,0.002832494,0,0,0,0,0.00379993,0,0,0.004049269,0,0.23902658,0,0,0,0,0,0.001715454,0,0,0.002244053,0,0,0,0,7.98E-05,0,0,0,0.098269586,0,0,0,0,0,0,0,0,0,0,0,0.005096494,0,0,0,0,0.008736847,0.003909639,0.005096494,0,0.009065975,0,0,0,0,0,0,0,0,0
0,0.016143344,0,0.002690557,0,0,0.000601082,0,0,0,0,0.069238916,0,0,0.056358588,0.108309242,0,0,0,0,0,0.025932393,0,0.007384721,0,0.368606349,0,0,0,0,0,0,0,0,0,0,0.022869737,0,0,0,0,0,0,0.054097375,0,0,0,0,0.020637147,0,0,0,0,0,0,0.023327704,0,0,0,0,0.123622521,0,0.071042162,0,0.029138163,0,0,0,0,0,0,0,0,0
0,0.031110836,0.020534389,0.045212766,0,0,0.023358898,0,0.014308098,0,0,0.032574633,0.020348837,0.015091539,0.173717632,0.038099951,0,0,0,0,0,0.035976414,0,0,0,0.458312716,0,0,0,0,0,0,0,0,0,0,0,0,0,0,0,0,0,0.076962725,0,0,0,0,0,0,0,0,0,0,0,0,0,0,0,0,0.014390566,0,0,0,0,0,0,0,0,0,0,0,0,0
0,0.011429347,0.000760147,6.79E-05,0,0,0.00063798,0.000190037,0.032788109,0,0,0.198350753,0,0.000257907,0.160513099,0.003841455,0,0,0,0,0.000617619,0.002965929,0,0,0,0.144997964,0,0,0,0.001411701,0,0,0,0,0,0.000244333,0,0,0,0,0,0,0,0.36839962,0,0,0,0,0,0,0,0,0,0,0,0.000766934,0,0,0,0,0.060791367,0.002002172,0.004085788,0.004757703,0.000122166,0,0,0,0,0,0,0,0,0
0,0,0,0,0,0,0.028368794,0,0,0,0,0,0,0,0,0.822695035,0,0,0,0,0,0,0,0,0,0,0,0,0,0,0,0,0,0,0,0,0,0,0,0.14893617,0,0,0,0,0,0,0,0,0,0,0,0,0,0,0,0,0,0,0,0,0,0,0,0,0,0,0,0,0,0,0,0,0,0
0,0.227822816,0,0,0,0,0.063239725,0.020574967,0,0,0,0,0,0.109699865,0.09356949,0,0,0,0,0,0,0.054716761,0,0,0.001231835,0.2968222,0,0,0,0,0.049573019,0,0,0,0,0,0,0,0,0,0,0,0,0.051637175,0,0,0,0,0,0,0,0,0,0,0,0.008140096,0,0,0,0,0.022972051,0,0,0,0,0,0,0,0,0,0,0,0,0
0,0.088398518,0.021259778,0,0.001762042,0,0,0.002552491,0.005928366,0,0,0.044792096,0.004067517,0.00497324,0.17669823,0,0,0,0,0,0,0.04724578,0,0,0,0.29491972,0,0,0,0,0,0,0,0,0,0,0,0,0,0,0,0,0,0.172120214,0,0,0,0,0,0,0,0,0.002519555,0,0,0.009370111,0,0,0,0,0.123392343,0,0,0,0,0,0,0,0,0,0,0,0,0