"","date","GPS.Latitude..","GPS.Longitude..","station","Depth.m","Sal.psu","Temp..C","pH","ODO.mg.L","Turbidity.FNU","Chlorophyll.RFU"
"1",2023-11-03 07:01:32,39.8457066666667,-74.0496758333333,39,1.51816666666667,28.3725,14.3715,6.95666666666667,10.0833333333333,2.29083333333333,0.643333333333333
"2",2023-11-03 07:01:32,39.8457261111111,-74.0497227777778,39,2.90466666666667,31.2327777777778,14.2979444444444,7.06111111111111,10.0622222222222,3.04611111111111,0.651111111111111
"3",2023-11-03 07:01:32,39.8457277777778,-74.0497277777778,39,4.74422222222222,31.0316666666667,14.8072222222222,7.02166666666667,9.81833333333333,1.47833333333333,0.852777777777778
"4",2023-11-03 07:01:32,39.8457235,-74.0497295,39,7.1144,31.086,15.0494,6.9945,9.729,0.214,1.1085
"5",2023-11-03 07:01:32,39.845719375,-74.049724375,39,9.3361875,31.146875,15.322375,6.973125,9.64125,0.125625,0.91875
"6",2023-11-03 07:01:32,39.8457213333333,-74.049722,39,10.7232,31.2486666666667,15.5012666666667,6.95866666666667,9.60466666666667,0.102,0.884666666666667
"7",2023-11-03 07:01:32,39.8457204545455,-74.0497031818182,39,12.9137727272727,31.2686363636364,15.6748181818182,6.89318181818182,9.39272727272727,0.174090909090909,0.91
"8",2023-11-03 07:01:32,39.8457375,-74.049701,39,15.21545,31.2905,15.70865,6.8745,9.3955,0.2155,0.7905
"9",2023-11-03 12:42:17,39.4770375,-73.8917675,26,1.27775,24.245,16.13325,7.4425,9.4075,-0.18,0.1
"10",2023-11-03 12:42:17,39.4770723076923,-73.8917484615385,26,2.64030769230769,32.2469230769231,16.1366153846154,7.49,8.47538461538462,-0.210769230769231,0.153076923076923
"11",2023-11-03 12:42:17,39.4770488888889,-73.8917711111111,26,5.04688888888889,32.2566666666667,16.1168888888889,7.45111111111111,8.48555555555556,-0.208888888888889,0.175555555555556
"12",2023-11-03 12:42:17,39.4770511111111,-73.8917644444444,26,6.85766666666667,32.2566666666667,16.1116666666667,7.45333333333333,8.48555555555556,-0.202222222222222,0.214444444444444
"13",2023-11-03 12:42:17,39.4770615384615,-73.8917592307692,26,8.96215384615385,32.25,16.1126923076923,7.45769230769231,8.47846153846154,-0.196153846153846,0.239230769230769
"14",2023-11-03 12:42:17,39.47706,-73.8917641666667,26,11.0871666666667,32.25,16.11625,7.46166666666667,8.4725,-0.185833333333333,0.249166666666667
"15",2023-11-03 12:42:17,39.4770477777778,-73.8917722222222,26,12.9975555555556,32.2466666666667,16.1187777777778,7.44666666666667,8.47666666666667,-0.18,0.248888888888889
"16",2023-11-03 12:42:17,39.4770477777778,-73.8917744444445,26,15.2415555555556,32.2388888888889,16.1268888888889,7.44555555555556,8.47222222222222,-0.172222222222222,0.25
"17",2023-11-03 12:42:17,39.4770411111111,-73.89178,26,16.6838888888889,32.2344444444444,16.131,7.43666666666667,8.47555555555556,-0.0433333333333333,0.241111111111111
"18",2023-11-03 12:42:17,39.4770376923077,-73.8917830769231,26,19.0270769230769,32.2338461538462,16.1318461538462,7.44230769230769,8.47076923076923,0.280769230769231,0.246153846153846
"19",2023-11-03 12:42:17,39.4770454545455,-73.8917818181818,26,21.2675454545455,32.2427272727273,16.1307272727273,7.46,8.45454545454546,0.481818181818182,0.234545454545455
"20",2023-11-03 12:42:17,39.477036,-73.891785,26,22.8256,32.244,16.1305,7.452,8.456,0.295,0.224
"21",2023-11-03 12:42:17,39.477045,-73.8917875,26,25.003375,32.245,16.13,7.46,8.45,0.40625,0.22625
"22",2023-11-03 12:42:17,39.477042,-73.891784,26,26.7525,32.242,16.1295,7.457,8.45,0.41,0.234
"23",2023-11-03 13:18:24,39.4720966666667,-73.7404177777778,27,1.50877777777778,32.9833333333333,15.5073333333333,7.67,9.16888888888889,5.41111111111111,0.365555555555556
"24",2023-11-03 13:18:24,39.472199,-73.740366,27,3.3055,32.626,15.8862,7.579,8.805,2.788,0.328
"25",2023-11-03 13:18:24,39.4721436363636,-73.7403990909091,27,4.62627272727273,32.6227272727273,15.8843636363636,7.59636363636364,8.89,3.39818181818182,0.281818181818182
"26",2023-11-03 13:18:24,39.4721488888889,-73.7403888888889,27,6.69783333333333,32.5655555555556,15.9456111111111,7.57611111111111,8.81555555555556,1.715,0.212777777777778
"27",2023-11-03 13:18:24,39.47213875,-73.740395625,27,9.16,32.508125,16.006375,7.5625,8.63375,-0.22375,0.26
"28",2023-11-03 13:18:24,39.4722153846154,-73.7403469230769,27,10.9248461538462,32.4469230769231,16.0703076923077,7.51153846153846,8.52,-0.231538461538462,0.343076923076923
"29",2023-11-03 13:18:24,39.4721621428571,-73.7403771428571,27,12.8314285714286,32.4492857142857,16.0676428571429,7.52285714285714,8.56,-0.216428571428571,0.347857142857143
"30",2023-11-03 13:18:24,39.4722086666667,-73.7403426666667,27,15.2073333333333,32.4446666666667,16.0826666666667,7.482,8.49933333333333,-0.208666666666667,0.400666666666667
"31",2023-11-03 13:18:24,39.472136875,-73.7404025,27,16.8999375,32.453125,16.0754375,7.48125,8.544375,-0.19125,0.363125
"32",2023-11-03 13:18:24,39.4722120833333,-73.740355,27,18.687375,32.4683333333333,16.0834166666667,7.44375,8.46833333333333,-0.2075,0.364583333333333
"33",2023-11-03 13:18:24,39.4721884210526,-73.7403715789474,27,20.8351578947368,32.4805263157895,16.0773684210526,7.43157894736842,8.46526315789474,-0.2,0.337894736842105
"34",2023-11-03 13:18:24,39.4721905263158,-73.7403731578947,27,23.1852631578947,32.4794736842105,16.0786842105263,7.42105263157895,8.45263157894737,-0.214736842105263,0.335263157894737
"35",2023-11-03 13:18:24,39.4721955555556,-73.7403688888889,27,24.9518888888889,32.4833333333333,16.0792222222222,7.41,8.44666666666667,-0.201111111111111,0.324444444444444
"36",2023-11-03 13:18:24,39.4722105882353,-73.7403570588235,27,26.693,32.4935294117647,16.0754705882353,7.40823529411765,8.44058823529412,-0.152941176470588,0.348235294117647
"37",2023-11-03 13:18:24,39.472208125,-73.74035375,27,29.29725,32.49625,16.072125,7.40125,8.436875,-0.15125,0.37375
"38",2023-11-03 13:18:24,39.4721981818182,-73.7403681818182,27,30.9570909090909,32.4954545454545,16.0707272727273,7.4,8.43545454545455,-0.152727272727273,0.406363636363636
"39",2023-11-03 14:10:30,39.36438125,-73.89613375,24,1.543625,28.5725,15.653875,7.48625,9.53,1.54125,0.0775
"40",2023-11-03 14:10:30,39.36436,-73.8961641666667,24,3.26375,32.8533333333333,15.70375,7.53333333333333,9.01,2.37583333333333,0.153333333333333
"41",2023-11-03 14:10:30,39.3643411111111,-73.8961777777778,24,5.00933333333333,32.7544444444444,15.7828888888889,7.56222222222222,9.03888888888889,2.53333333333333,0.15
"42",2023-11-03 14:10:30,39.36436625,-73.89615375,24,6.79925,32.529375,16.0286875,7.46125,8.77375,0.93,0.175
"43",2023-11-03 14:10:30,39.3643585714286,-73.8961585714286,24,8.99164285714286,32.5135714285714,16.0392142857143,7.46071428571429,8.77642857142857,0.67,0.195714285714286
"44",2023-11-03 14:10:30,39.3643435294118,-73.8961776470588,24,11.1271176470588,32.5170588235294,16.0319411764706,7.47647058823529,8.81882352941176,0.177647058823529,0.204117647058824
"45",2023-11-03 14:10:30,39.3643357142857,-73.89618,24,12.8621428571429,32.4842857142857,16.0710714285714,7.46642857142857,8.77928571428571,-0.181428571428571,0.211428571428571
"46",2023-11-03 14:10:30,39.3643433333333,-73.8961716666667,24,15.2350833333333,32.4341666666667,16.1244166666667,7.43416666666667,8.69083333333333,-0.195833333333333,0.199166666666667
"47",2023-11-03 14:10:30,39.36432,-73.89618,24,16.8733333333333,32.4377777777778,16.1174444444444,7.47888888888889,8.74111111111111,-0.21,0.208888888888889
"48",2023-11-03 14:10:30,39.36432625,-73.89617625,24,18.889625,32.416875,16.1380625,7.4275,8.648125,-0.209375,0.201875
"49",2023-11-03 14:10:30,39.3643292857143,-73.8961757142857,24,21.0394285714286,32.4114285714286,16.1455714285714,7.38928571428571,8.59428571428571,-0.189285714285714,0.198571428571429
"50",2023-11-03 14:10:30,39.3643235714286,-73.8961828571429,24,23.1299285714286,32.415,16.1395714285714,7.39357142857143,8.60428571428571,-0.171428571428571,0.205714285714286
"51",2023-11-03 14:10:30,39.36432,-73.89618,24,25.175,32.415,16.139875,7.38125,8.59375,-0.1375,0.21
"52",2023-11-03 14:10:30,39.3643225,-73.8961816666667,24,27.1409166666667,32.4141666666667,16.14,7.3775,8.59083333333333,-0.143333333333333,0.203333333333333
"53",2023-11-03 14:58:51,39.4026642857143,-74.0522514285714,32,1.53871428571429,27.6157142857143,15.3744285714286,7.61428571428571,9.68,3.25142857142857,0.491428571428571
"54",2023-11-03 14:58:51,39.4026676923077,-74.0522423076923,32,2.97992307692308,31.9169230769231,15.7672307692308,7.6,8.85153846153846,2.53461538461538,0.560769230769231
"55",2023-11-03 14:58:51,39.4026630769231,-74.0522469230769,32,5.14030769230769,31.8238461538462,15.8688461538462,7.58692307692308,8.78153846153846,2.07076923076923,0.540769230769231
"56",2023-11-03 14:58:51,39.4026546153846,-74.0522692307692,32,6.80438461538462,31.8192307692308,15.9193846153846,7.58153846153846,8.77461538461538,1.91615384615385,0.530769230769231
"57",2023-11-03 14:58:51,39.4026442857143,-74.0522928571429,32,9.17492857142857,31.8042857142857,15.9312142857143,7.58,8.79285714285714,1.31714285714286,0.522857142857143
"58",2023-11-03 14:58:51,39.40265,-74.052277,32,10.8777,31.814,15.9522,7.566,8.737,-0.141,0.526
"59",2023-11-03 14:58:51,39.40266125,-74.052256875,32,12.792875,31.8325,15.987,7.5525,8.6575,-0.128125,0.511875
"60",2023-11-03 14:58:51,39.4026511764706,-74.0522858823529,32,15.0732941176471,31.8376470588235,15.9784117647059,7.55411764705882,8.69823529411765,-0.122352941176471,0.495294117647059
"61",2023-11-03 14:58:51,39.4026522222222,-74.0522755555556,32,17.0891111111111,31.8566666666667,16.0044444444444,7.54444444444444,8.64444444444444,-0.0855555555555556,0.548888888888889
"62",2023-11-03 14:58:51,39.4026516666667,-74.0522811111111,32,18.8426666666667,31.8672222222222,16.0183333333333,7.535,8.63833333333333,0.0594444444444444,0.544444444444444
"63",2023-11-03 14:58:51,39.40265,-74.0522873333333,32,21.2138,31.8653333333333,16.0340666666667,7.528,8.62266666666667,0.358,0.544
"64",2023-11-03 14:58:51,39.4026621428571,-74.0522742857143,32,23.1765714285714,31.86,16.0417142857143,7.51642857142857,8.55928571428571,0.993571428571429,0.681428571428571
"65",2023-11-03 15:51:22,39.551566,-74.129566,15,1.4238,25.392,15.1824,7.714,9.964,0.092,1.418
"66",2023-11-03 15:51:22,39.5515492307692,-74.1295869230769,15,2.84907692307692,31.6392307692308,15.4289230769231,7.71538461538462,8.95307692307692,0.0207692307692308,1.41769230769231
"67",2023-11-03 15:51:22,39.55148,-74.1296486666667,15,4.8434,31.6386666666667,15.4605333333333,7.768,9.20866666666667,0.024,1.07266666666667
"68",2023-11-03 15:51:22,39.5515584615385,-74.1295707692308,15,7.11846153846154,31.5715384615385,15.712,7.64538461538462,8.80846153846154,0.0130769230769231,0.603076923076923
"69",2023-11-03 15:51:22,39.5515161111111,-74.1296044444444,15,9.14416666666667,31.5883333333333,15.6964444444444,7.66777777777778,8.85,0.0316666666666667,0.532222222222222
"70",2023-11-03 15:51:22,39.5514975384615,-74.1296230769231,15,11.3452307692308,31.5424615384615,15.8335846153846,7.63123076923077,8.66676923076923,0.00646153846153846,0.576461538461538
"71",2023-11-03 15:51:22,39.5515690909091,-74.1295463636364,15,13.0760909090909,31.5263636363636,15.8589090909091,7.55545454545455,8.45545454545455,0.259090909090909,0.578181818181818
"72",2023-11-03 15:51:22,39.5515563636364,-74.1295690909091,15,14.8934545454545,31.5236363636364,15.8601818181818,7.55636363636364,8.47090909090909,0.141818181818182,0.598181818181818
"73",2023-11-03 15:51:22,39.5515640909091,-74.1295568181818,15,17.005,31.5231818181818,15.8582272727273,7.55227272727273,8.45590909090909,0.253181818181818,0.657272727272727
"74",2023-11-05 08:55:27,39.4043957142857,-74.2863942857143,14,1.6585,31.5392857142857,14.3096428571429,7.35357142857143,9.13785714285714,4.15785714285714,0.936428571428571
"75",2023-11-05 08:55:27,39.404395,-74.2863853333333,14,2.89786666666667,31.3666666666667,14.5190666666667,7.32533333333333,8.94133333333333,2.877,1.01733333333333
"76",2023-11-05 08:55:27,39.4043988461538,-74.2863757692308,14,4.86503846153846,31.2484615384615,14.6588846153846,7.28807692307692,8.73807692307692,2.71346153846154,1.40230769230769
"77",2023-11-05 08:55:27,39.4044,-74.2863824,14,6.7322,31.23,14.67828,7.2544,8.7048,2.7844,1.0568
"78",2023-11-05 08:55:27,39.4044011111111,-74.2863774074074,14,8.65259259259259,31.2140740740741,14.6958148148148,7.21481481481482,8.6137037037037,3.08925925925926,1.06518518518519
"79",2023-11-05 08:55:27,39.4044020689655,-74.2863744827586,14,10.8484482758621,31.2058620689655,14.7092413793103,7.19,8.57275862068965,4.59206896551724,1.13379310344828
"80",2023-11-05 08:55:27,39.4044003225806,-74.2863758064516,14,13.1024516129032,31.2054838709677,14.7183225806452,7.17483870967742,8.55129032258064,7.10903225806452,1.18258064516129
"81",2023-11-05 09:27:08,39.34946,-74.204600625,13,1.4790625,31.68375,15.590125,7.269375,8.8375,0.07,0.7225
"82",2023-11-05 09:27:08,39.3494460714286,-74.2045932142857,13,3.09628571428571,31.6107142857143,15.69175,7.29571428571429,8.7025,0.0532142857142857,0.751071428571429
"83",2023-11-05 09:27:08,39.3494588461538,-74.2045953846154,13,4.83469230769231,31.5892307692308,15.7333461538462,7.24846153846154,8.65807692307692,0.0430769230769231,0.75
"84",2023-11-05 09:27:08,39.3494603448276,-74.2045982758621,13,6.90310344827586,31.59,15.7768275862069,7.22413793103448,8.60344827586207,0.0282758620689655,0.680689655172414
"85",2023-11-05 09:27:08,39.349461875,-74.2045975,13,9.29225,31.639375,15.83215625,7.2046875,8.56,-0.0059375,0.6440625
"86",2023-11-05 09:27:08,39.3494641666667,-74.2045908333333,13,11.1486666666667,31.7095833333333,15.8760833333333,7.195,8.52333333333333,-0.0141666666666667,0.640416666666667
"87",2023-11-05 09:27:08,39.3494654166667,-74.2045916666667,13,12.843125,31.7766666666667,15.9074166666667,7.18625,8.49916666666667,-0.0395833333333333,0.625416666666667
"88",2023-11-05 09:27:08,39.3494620833333,-74.2045920833333,13,14.6143333333333,31.8266666666667,15.969125,7.19375,8.44125,-0.0208333333333333,0.697083333333333
"89",2023-11-05 09:27:08,39.349458125,-74.2045921875,13,16.76459375,31.831875,16.001,7.184375,8.413125,0.015625,0.730625
"90",2023-11-03 07:44:21,39.8453485714286,-73.8951228571429,33,1.37928571428571,28.3871428571429,13.9208571428571,7.49142857142857,10.8785714285714,3.95,0.345714285714286
"91",2023-11-03 07:44:21,39.8453552941176,-73.8951017647059,33,2.82258823529412,32.4517647058824,15.0181764705882,7.35294117647059,9.35470588235294,2.22176470588235,0.437647058823529
"92",2023-11-03 07:44:21,39.84536,-73.895126,33,5.27166666666667,32.3453333333333,15.145,7.37933333333333,9.38933333333333,1.888,0.516666666666667
"93",2023-11-03 07:44:21,39.8453683333333,-73.89513,33,6.90616666666667,32.185,15.33925,7.32833333333333,9.09916666666667,0.821666666666667,0.544166666666667
"94",2023-11-03 07:44:21,39.8453661111111,-73.8951272222222,33,8.86544444444444,32.1022222222222,15.4383888888889,7.29666666666667,9.02277777777778,-0.0322222222222222,0.556111111111111
"95",2023-11-03 07:44:21,39.8453625,-73.8951183333333,33,11.0616666666667,31.965,15.6070833333333,7.2375,8.89916666666667,-0.125833333333333,0.595833333333333
"96",2023-11-03 07:44:21,39.845359,-73.8951275,33,12.9211,31.9385,15.66745,7.224,8.8795,-0.146,0.537
"97",2023-11-03 07:44:21,39.845354,-73.895143,33,14.8485,31.944,15.6727,7.236,8.933,-0.135,0.501
"98",2023-11-03 07:44:21,39.8453476470588,-73.8951323529412,33,16.7505294117647,31.9358823529412,15.7141176470588,7.17588235294118,8.83058823529412,-0.143529411764706,0.427647058823529
"99",2023-11-03 07:44:21,39.845340625,-73.895123125,33,19.135625,31.94125,15.727125,7.148125,8.795,-0.13375,0.363125
"100",2023-11-03 07:44:21,39.8453369230769,-73.8951253846154,33,21.1495384615385,31.9507692307692,15.7261538461538,7.13846153846154,8.79615384615385,-0.104615384615385,0.333846153846154
"101",2023-11-03 07:44:21,39.8453405263158,-73.8951152631579,33,22.746,31.9647368421053,15.772,7.08263157894737,8.70157894736842,0.00368421052631579,0.358421052631579
"102",2023-11-05 09:50:23,39.3301588235294,-74.1302764705882,9,1.55223529411765,32.1264705882353,15.9624117647059,7.29235294117647,8.85764705882353,1.16411764705882,0.352941176470588
"103",2023-11-05 09:50:23,39.3301509090909,-74.1302654545455,9,2.97604545454545,32.0422727272727,16.0683636363636,7.29909090909091,8.75454545454545,-0.0836363636363636,0.348181818181818
"104",2023-11-05 09:50:23,39.3301211111111,-74.1302448148148,9,4.94033333333333,31.9666666666667,16.1729259259259,7.35592592592593,8.61037037037037,-0.123703703703704,0.455555555555556
"105",2023-11-05 09:50:23,39.3301325,-74.1302482142857,9,7.25964285714286,31.955,16.191,7.31,8.57892857142857,-0.125714285714286,0.485357142857143
"106",2023-11-05 09:50:23,39.3301436,-74.1302488,9,9.32532,31.9512,16.2012,7.2692,8.5496,-0.1368,0.4328
"107",2023-11-05 09:50:23,39.3301426923077,-74.1302546153846,9,11.1844230769231,31.9484615384615,16.2089230769231,7.23615384615385,8.52653846153846,-0.140769230769231,0.336538461538462
"108",2023-11-05 09:50:23,39.3301361538462,-74.1302461538462,9,12.9950384615385,31.945,16.2303461538462,7.26807692307692,8.47807692307692,-0.136923076923077,0.341538461538462
"109",2023-11-05 09:50:23,39.3301367741935,-74.130254516129,9,15.1078387096774,31.9561290322581,16.2500322580645,7.24290322580645,8.4558064516129,-0.125161290322581,0.342258064516129
"110",2023-11-05 09:50:23,39.3301368,-74.1302604,9,16.94716,31.9712,16.26252,7.2132,8.4496,-0.1308,0.3728
"111",2023-11-05 09:50:23,39.3301361538462,-74.1302507692308,9,18.6388846153846,31.9911538461538,16.2938076923077,7.24192307692308,8.41153846153846,-0.116538461538462,0.402692307692308
"112",2023-11-05 09:50:23,39.3301374074074,-74.1302444444444,9,20.7865555555556,32.0059259259259,16.3167407407407,7.25074074074074,8.38888888888889,-0.0740740740740741,0.44962962962963
"113",2023-11-05 09:50:23,39.3301378787879,-74.1302457575758,9,22.8413333333333,32.0254545454545,16.3294848484848,7.23848484848485,8.39242424242424,-0.0821212121212121,0.407878787878788
"114",2023-11-05 10:14:30.000001,36.3008392307692,-68.3539953846154,7,1.50715384615385,32.2546153846154,16.0516923076923,7.67923076923077,8.81384615384615,2.60461538461538,0.194615384615385
"115",2023-11-05 10:14:30.000001,39.3258927272727,-74.0501086363636,7,2.9985,32.1018181818182,16.2239090909091,7.64227272727273,8.65863636363636,0.642727272727273,0.244090909090909
"116",2023-11-05 10:14:30.000001,39.3258885714286,-74.0501223809524,7,4.96861904761905,32.0842857142857,16.2425714285714,7.62809523809524,8.64380952380952,-0.121428571428571,0.260952380952381
"117",2023-11-05 10:14:30.000001,37.68731,-70.96469625,7,7.01908333333333,32.0570833333333,16.2740833333333,7.6125,8.58875,-0.169583333333333,0.26625
"118",2023-11-05 10:14:30.000001,39.3258894117647,-69.69424,7,8.763,32.0470588235294,16.2828235294118,7.59588235294118,8.58823529411765,-0.177647058823529,0.262941176470588
"119",2023-11-05 10:14:30.000001,39.325884,-71.088112,7,10.76556,32.042,16.29212,7.5728,8.542,-0.1888,0.2596
"120",2023-11-05 10:14:30.000001,36.5168857142857,-68.7608064285714,7,13.1398928571429,32.04,16.3003571428571,7.55928571428571,8.50142857142857,-0.207142857142857,0.265
"121",2023-11-05 10:14:30.000001,39.3258765217391,-67.6109556521739,7,15.3713913043478,32.044347826087,16.3103043478261,7.54739130434783,8.48521739130435,-0.199130434782609,0.272173913043478
"122",2023-11-05 10:14:30.000001,39.3258763636364,-74.0501027272727,7,17.3183636363636,32.0536363636364,16.3172272727273,7.53590909090909,8.47772727272727,-0.207272727272727,0.275909090909091
"123",2023-11-05 10:14:30.000001,39.3258736363636,-74.0501077272727,7,19.2807272727273,32.0618181818182,16.3183636363636,7.52954545454545,8.47772727272727,-0.201818181818182,0.311818181818182
"124",2023-11-05 10:14:30.000001,39.3258765217391,-74.0500973913043,7,21.0206086956522,32.0773913043478,16.3331739130435,7.53130434782609,8.45782608695652,-0.199565217391304,0.292173913043478
"125",2023-11-05 10:39:26,39.2728086666667,-74.0918713333333,6,1.61233333333333,32.1373333333333,16.3405333333333,7.39333333333333,8.548,0.0566666666666667,0.364
"126",2023-11-05 10:39:26,39.2728047368421,-74.0918521052632,6,3.11873684210526,32.1194736842105,16.3427368421053,7.43368421052632,8.53578947368421,-0.0184210526315789,0.207894736842105
"127",2023-11-05 10:39:26,39.2728071428571,-74.0918604761905,6,4.78642857142857,32.1095238095238,16.3475238095238,7.40428571428571,8.53571428571429,-0.0652380952380952,0.240952380952381
"128",2023-11-05 10:39:26,39.272815,-74.0918708333333,6,7.2315,32.0970833333333,16.3539583333333,7.37291666666667,8.53208333333333,-0.110416666666667,0.30625
"129",2023-11-05 10:39:26,39.2728142857143,-74.0918521428571,6,9.23464285714286,32.0935714285714,16.3529285714286,7.42571428571429,8.51714285714286,-0.125,0.34
"130",2023-11-05 10:39:26,39.2728194444444,-74.0918644444444,6,10.8705,32.095,16.3511111111111,7.37111111111111,8.525,-0.139444444444444,0.316111111111111
"131",2023-11-05 10:39:26,39.2728168181818,-74.0918690909091,6,12.8418636363636,32.0963636363636,16.3493181818182,7.33136363636364,8.52545454545455,-0.134545454545455,0.342727272727273
"132",2023-11-05 10:39:26,39.2728142857143,-74.0918471428571,6,14.9748571428571,32.0938095238095,16.3510952380952,7.41857142857143,8.5147619047619,-0.105714285714286,0.287619047619048
"133",2023-11-05 10:39:26,39.2728133333333,-74.0918452380952,6,16.7686666666667,32.0933333333333,16.3517142857143,7.42619047619048,8.50761904761905,-0.0861904761904762,0.292380952380952
"134",2023-11-05 10:39:26,39.2728147619048,-74.0918538095238,6,18.7364285714286,32.0914285714286,16.3510476190476,7.38761904761905,8.51333333333333,-0.0814285714285714,0.333809523809524
"135",2023-11-05 10:39:26,39.2728136,-74.091848,6,20.95416,32.09,16.35032,7.4108,8.5072,-0.0956,0.322
"136",2023-11-05 10:39:26,39.2728147619048,-74.0918542857143,6,23.2433333333333,32.09,16.3495238095238,7.38666666666667,8.50619047619048,-0.124285714285714,0.299047619047619
"137",2023-11-05 10:39:26,39.272815,-74.091855,6,25.3414444444444,32.09,16.3492777777778,7.38444444444444,8.505,-0.116111111111111,0.308333333333333
"138",2023-11-05 10:39:26,39.27281875,-74.091855,6,26.8814375,32.09,16.349,7.385,8.4975,-0.08125,0.350625
"139",2023-11-05 10:39:26,39.2728183333333,-74.0918594444444,6,28.6908333333333,32.09,16.349,7.38777777777778,8.495,0.0266666666666667,0.393888888888889
"140",2023-11-05 10:39:26,39.2728186666667,-74.0918596666667,6,31.0618333333333,32.09,16.3494666666667,7.387,8.49633333333333,0.099,0.367333333333333
"141",2023-11-05 11:17:39,39.2154381818182,-73.9730427272727,22,1.54572727272727,32.3909090909091,16.339,7.54272727272727,8.68181818181818,2.78545454545455,0.540909090909091
"142",2023-11-05 11:17:39,39.2154336666667,-73.973058,22,2.7495,32.201,16.5256666666667,7.65166666666667,8.421,0.216666666666667,0.204333333333333
"143",2023-11-05 11:17:39,39.2154337037037,-73.9730437037037,22,5.02292592592593,32.172962962963,16.5505185185185,7.59666666666667,8.46111111111111,-0.155925925925926,0.241851851851852
"144",2023-11-05 11:17:39,39.2154342857143,-73.9730390476191,22,7.13519047619048,32.1566666666667,16.556380952381,7.59571428571429,8.41,-0.181904761904762,0.316190476190476
"145",2023-11-05 11:17:39,39.2154309090909,-73.9730331818182,22,8.53427272727273,32.1540909090909,16.5491818181818,7.57681818181818,8.39272727272727,-0.17,0.383636363636364
"146",2023-11-05 11:17:39,39.2154314285714,-73.9730366666667,22,10.5561428571429,32.1638095238095,16.5437619047619,7.58,8.3647619047619,-0.162857142857143,0.367142857142857
"147",2023-11-05 11:17:39,39.2154296296296,-73.9730407407407,22,12.9398888888889,32.1692592592593,16.5411111111111,7.58925925925926,8.34259259259259,-0.172962962962963,0.349259259259259
"148",2023-11-05 11:17:39,39.2154369230769,-73.9730346153846,22,14.9870384615385,32.1738461538461,16.5414230769231,7.57615384615385,8.33269230769231,-0.195769230769231,0.320769230769231
"149",2023-11-05 11:17:39,39.2154373076923,-73.9730276923077,22,17.1385769230769,32.1807692307692,16.5452692307692,7.56884615384615,8.31846153846154,-0.213846153846154,0.308846153846154
"150",2023-11-05 11:17:39,39.2154374074074,-73.9730237037037,22,19.1925555555556,32.1914814814815,16.5595185185185,7.57740740740741,8.28740740740741,-0.217777777777778,0.294444444444444
"151",2023-11-05 11:17:39,39.2154369444444,-73.9730108333333,22,21.2060555555556,32.2366666666667,16.5745833333333,7.55972222222222,8.28222222222222,-0.1925,0.268611111111111
"152",2023-11-05 11:17:39,39.2154348,-73.9730092,22,23.32732,32.3104,16.59952,7.5664,8.2672,-0.1932,0.2444
"153",2023-11-05 11:17:39,39.215439047619,-73.9730080952381,22,25.3250952380952,32.3547619047619,16.6104761904762,7.5652380952381,8.2652380952381,-0.111428571428571,0.248571428571429
"154",2023-11-05 11:17:39,39.21544,-73.9730047058824,22,26.7677058823529,32.3947058823529,16.6212352941176,7.56352941176471,8.26588235294118,0.0288235294117647,0.261764705882353
"155",2023-11-05 11:42:25,39.2175942857143,-74.0537428571429,10,1.50542857142857,32.7157142857143,16.0214285714286,7.66142857142857,8.73285714285714,3.36428571428571,0.414285714285714
"156",2023-11-05 11:42:25,39.2176054545455,-74.0537231818182,10,2.67777272727273,32.3922727272727,16.3795,7.69681818181818,8.52818181818182,0.917272727272727,0.331363636363636
"157",2023-11-05 11:42:25,39.21761,-74.0537281818182,10,4.75186363636364,32.3354545454545,16.4438636363636,7.67954545454545,8.53318181818182,0.415454545454545,0.275909090909091
"158",2023-11-05 11:42:25,39.2176115384615,-74.0537392307692,10,7.05865384615385,32.2507692307692,16.5316923076923,7.66192307692308,8.49192307692308,-0.177692307692308,0.317307692307692
"159",2023-11-05 11:42:25,39.2176107142857,-74.053745,10,9.13057142857143,32.2357142857143,16.5335714285714,7.65535714285714,8.44035714285714,-0.184642857142857,0.287142857142857
"160",2023-11-05 11:42:25,39.2176144736842,-74.0537481578947,10,11.0442631578947,32.2307894736842,16.5293947368421,7.63763157894737,8.41973684210526,-0.175263157894737,0.26421052631579
"161",2023-11-05 11:42:25,39.2176173076923,-74.0537384615385,10,13.1098846153846,32.2342307692308,16.5222692307692,7.66846153846154,8.38961538461538,-0.168461538461538,0.287692307692308
"162",2023-11-05 11:42:25,39.2176154166667,-74.0537425,10,15.1905833333333,32.2345833333333,16.5207916666667,7.65875,8.3875,-0.160416666666667,0.313333333333333
"163",2023-11-05 11:42:25,39.2176165217391,-74.0537352173913,10,17.2937826086957,32.2360869565217,16.5178260869565,7.67217391304348,8.37391304347826,-0.16304347826087,0.318260869565217
"164",2023-11-05 11:42:25,39.2176169565217,-74.05374,10,19.1815652173913,32.2339130434783,16.518,7.65913043478261,8.37565217391304,-0.16304347826087,0.315217391304348
"165",2023-11-05 11:42:25,39.217615,-74.053735,10,21.2603125,32.231875,16.51625,7.665,8.37,-0.14375,0.26875
"166",2023-11-05 11:42:25,39.2176176190476,-74.0537352380952,10,22.9477142857143,32.23,16.5155238095238,7.66190476190476,8.36952380952381,-0.145714285714286,0.249047619047619
"167",2023-11-05 12:05:29,39.2154666666667,-74.1305288888889,8,1.51255555555556,32.0844444444444,16.2525,7.44388888888889,8.71111111111111,0.946666666666667,0.161666666666667
"168",2023-11-05 12:05:29,39.2154495238095,-74.1305719047619,8,3.15352380952381,32.0923809523809,16.2397619047619,7.37619047619048,8.76952380952381,1.31190476190476,0.18047619047619
"169",2023-11-05 12:05:29,39.215466,-74.130562,8,5.02864,32.0696,16.28988,7.3752,8.6556,0.2684,0.2444
"170",2023-11-05 12:05:29,39.2154536842105,-74.1305852631579,8,7.13389473684211,32.0921052631579,16.2894210526316,7.32105263157895,8.69157894736842,-0.145789473684211,0.277894736842105
"171",2023-11-05 12:05:29,39.2154513636364,-74.1305945454545,8,9.28790909090909,32.0972727272727,16.3043181818182,7.29045454545455,8.66772727272727,-0.135909090909091,0.348181818181818
"172",2023-11-05 12:05:29,39.2154835714286,-74.1305678571429,8,10.9047857142857,32.11,16.3589285714286,7.32214285714286,8.51857142857143,-0.138571428571429,0.363571428571429
"173",2023-11-05 12:05:29,39.2154579166667,-74.1305841666667,8,12.8301666666667,32.1216666666667,16.356875,7.26291666666667,8.56416666666667,-0.1475,0.358333333333333
"174",2023-11-05 12:05:29,39.215456,-74.13059,8,14.63335,32.1515,16.3956,7.2435,8.5135,-0.1515,0.388
"175",2023-11-05 12:05:29,39.215457826087,-74.1305904347826,8,16.7547391304348,32.2217391304348,16.4464782608696,7.24521739130435,8.44869565217391,-0.119130434782609,0.392173913043478
"176",2023-11-05 12:05:29,39.2154545454545,-74.1305895454545,8,18.7161363636364,32.2690909090909,16.4421363636364,7.21272727272727,8.46409090909091,-0.0890909090909091,0.357272727272727
"177",2023-11-05 12:05:29,39.2154625,-74.1305766666667,8,20.8061666666667,32.3295833333333,16.47525,7.2125,8.42333333333333,0.166666666666667,0.397916666666667
"178",2023-11-05 12:05:29,39.21546875,-74.1305715625,8,22.82875,32.36375,16.4984375,7.1990625,8.4096875,0.4375,0.478125
"179",2023-11-05 12:31:38,39.1834828571429,-74.2042414285714,3,1.58228571428571,32.0628571428571,16.1268571428571,7.40142857142857,8.83142857142857,2.15714285714286,0.205714285714286
"180",2023-11-05 12:31:38,39.1834805555556,-74.2042355555556,3,2.60644444444444,32.0133333333333,16.1713888888889,7.38333333333333,8.79333333333333,1.65388888888889,0.225555555555556
"181",2023-11-05 12:31:38,39.1834777272727,-74.2042409090909,3,4.65727272727273,32.0045454545455,16.2155,7.37818181818182,8.69636363636364,0.563636363636364,0.282272727272727
"182",2023-11-05 12:31:38,39.18348,-74.2042377272727,3,6.92904545454545,32.025,16.2124545454545,7.34363636363636,8.715,0.00590909090909091,0.315454545454545
"183",2023-11-05 12:31:38,39.1834804761905,-74.20423,3,9.21647619047619,32.0338095238095,16.2256666666667,7.31952380952381,8.6947619047619,-0.165714285714286,0.339047619047619
"184",2023-11-05 12:31:38,39.183485,-74.204245,3,10.9314285714286,32.04,16.2631428571429,7.32071428571429,8.58857142857143,-0.157857142857143,0.366428571428571
"185",2023-11-05 12:31:38,39.1834905263158,-74.2042436842105,3,12.4988947368421,32.0505263157895,16.2763157894737,7.3,8.57578947368421,-0.145789473684211,0.392631578947368
"186",2023-11-05 12:31:38,39.18349625,-74.2042433333333,3,14.9039583333333,32.0704166666667,16.3122083333333,7.28333333333333,8.51541666666667,-0.0958333333333333,0.382916666666667
"187",2023-11-05 12:31:38,39.1834873913043,-74.2042430434783,3,17.3202608695652,32.115652173913,16.3384347826087,7.26434782608696,8.49739130434783,0.0104347826086957,0.351739130434783
"188",2023-11-05 12:31:38,39.18348,-74.2042466666667,3,19.3565333333333,32.1533333333333,16.3631333333333,7.25666666666667,8.46133333333333,0.23,0.398666666666667
"189",2023-11-05 12:31:38,39.183475,-74.2042395833333,3,21.1397083333333,32.1633333333333,16.353375,7.24541666666667,8.50333333333333,0.292083333333333,0.365833333333333
"190",2023-11-05 12:59:24,39.1409,-74.287045,4,1.44425,32.25,16.19125,7.42,8.83375,1.635,0.22625
"191",2023-11-05 12:59:24,39.1408988888889,-74.2870433333333,4,3.07472222222222,32.155,16.2600555555556,7.4,8.785,1.21166666666667,0.248333333333333
"192",2023-11-05 12:59:24,39.1409031578947,-74.2870478947368,4,5.02257894736842,32.1,16.2847894736842,7.37789473684211,8.73736842105263,0.571578947368421,0.283684210526316
"193",2023-11-05 12:59:24,39.1408990909091,-74.2870509090909,4,7.16722727272727,32.0695454545455,16.3129090909091,7.36272727272727,8.64454545454545,-0.0727272727272727,0.363181818181818
"194",2023-11-05 12:59:24,39.1409,-74.2870584615385,4,9.17161538461538,32.0561538461538,16.3313076923077,7.33307692307692,8.62076923076923,-0.126153846153846,0.390769230769231
"195",2023-11-05 12:59:24,39.1409,-74.28706,4,10.5489375,32.071875,16.3440625,7.315625,8.58875,-0.14,0.396875
"196",2023-11-05 12:59:24,39.1409,-74.28706,4,13.0744166666667,32.1341666666667,16.39625,7.30541666666667,8.4975,-0.136666666666667,0.4
"197",2023-11-05 12:59:24,39.1409014285714,-74.2870628571429,4,15.3082142857143,32.1878571428571,16.4225,7.28714285714286,8.48142857142857,-0.113571428571429,0.486428571428571
"198",2023-11-05 12:59:24,39.140898,-74.2870644,4,17.13228,32.2328,16.45632,7.2768,8.4388,-0.0708,0.4616
"199",2023-11-05 12:59:24,39.1408945454545,-74.2870668181818,4,19.0985454545455,32.2622727272727,16.4617727272727,7.25590909090909,8.46454545454545,-0.0322727272727273,0.497272727272727
"200",2023-11-05 12:59:24,39.140893125,-74.287065,4,21.31025,32.280625,16.505625,7.250625,8.375625,0.06125,0.454375
"201",2023-11-05 12:59:24,39.1409,-74.2870711764706,4,22.9910588235294,32.2911764705882,16.4934705882353,7.23235294117647,8.44411764705882,0.0582352941176471,0.405294117647059
"202",2023-11-05 13:15:56,39.1223726666667,-74.242178,1,1.52206666666667,32.2993333333333,16.4775333333333,7.776,8.704,2.158,0.165333333333333
"203",2023-11-05 13:15:56,39.1223885,-74.2421855,1,3.19345,32.2495,16.4971,7.7655,8.676,1.165,0.1905
"204",2023-11-05 13:15:56,39.1223956,-74.2421944,1,5.04484,32.1864,16.5284,7.7584,8.6496,0.0852,0.2072
"205",2023-11-05 13:15:56,39.1223870588235,-74.2421982352941,1,6.72011764705882,32.1605882352941,16.5327647058824,7.74470588235294,8.63470588235294,-0.211176470588235,0.259411764705882
"206",2023-11-05 13:15:56,39.1224071428571,-74.2421992857143,1,8.95364285714286,32.1817857142857,16.4761071428571,7.75964285714286,8.57392857142857,-0.196428571428571,0.332857142857143
"207",2023-11-05 13:15:56,39.1224088235294,-74.2422,1,11.2744705882353,32.1976470588235,16.4851764705882,7.75941176470588,8.53235294117647,-0.181176470588235,0.310588235294118
"208",2023-11-05 13:15:56,39.1223955555556,-74.2421972222222,1,12.9058888888889,32.2055555555556,16.4888333333333,7.74666666666667,8.54,-0.198333333333333,0.302777777777778
"209",2023-11-05 13:15:56,39.122402631579,-74.2422005263158,1,14.7583684210526,32.2215789473684,16.4903684210526,7.74526315789474,8.51210526315789,-0.182105263157895,0.325263157894737
"210",2023-11-05 13:15:56,39.1224056521739,-74.2422043478261,1,16.8792608695652,32.2391304347826,16.5005652173913,7.74304347826087,8.48086956521739,-0.149565217391304,0.38304347826087
"211",2023-11-05 13:15:56,39.1224065,-74.242205,1,18.7534,32.263,16.5156,7.7405,8.471,-0.084,0.407
"212",2023-11-05 13:15:56,39.1224128,-74.2422096,1,20.71348,32.2888,16.53712,7.74,8.434,0.0592,0.472
"213",2023-11-05 13:15:56,39.1224163636364,-74.2422072727273,1,22.8719545454545,32.3059090909091,16.5445909090909,7.74,8.43545454545455,0.285909090909091,0.572272727272727
"214",2023-11-03 08:23:46,39.8456785714286,-73.73936,34,1.32228571428571,30.9885714285714,14.1945714285714,7.53071428571429,10.6085714285714,8.125,0.246428571428571
"215",2023-11-03 08:23:46,39.8457265,-73.739286,34,2.95805,32.476,15.36935,7.3655,9.2315,3.387,0.2855
"216",2023-11-03 08:23:46,39.8457413333333,-73.7392453333333,34,5.1258,32.2373333333333,15.6492,7.28666666666667,8.81066666666667,1.04333333333333,0.277333333333333
"217",2023-11-03 08:23:46,39.8457085714286,-73.7392785714286,34,6.88314285714286,32.2914285714286,15.5917142857143,7.30571428571429,8.96357142857143,-0.112142857142857,0.28
"218",2023-11-03 08:23:46,39.8457342105263,-73.7392605263158,34,8.81236842105263,32.1484210526316,15.7567368421053,7.26052631578947,8.82105263157895,-0.146315789473684,0.275263157894737
"219",2023-11-03 08:23:46,39.845723125,-73.73927375,34,11.3330625,32.1225,15.7883125,7.235625,8.821875,-0.134375,0.2975
"220",2023-11-03 08:23:46,39.84573,-73.73926,34,13.1493333333333,32.0983333333333,15.8124166666667,7.19166666666667,8.73,-0.14,0.301666666666667
"221",2023-11-03 08:23:46,39.8457364705882,-73.7392535294118,34,14.7213529411765,32.0923529411765,15.823,7.16,8.66882352941177,-0.147647058823529,0.328235294117647
"222",2023-11-03 08:23:46,39.8457340909091,-73.7392586363636,34,17.2156818181818,32.0854545454545,15.8290454545455,7.12545454545455,8.63090909090909,-0.152272727272727,0.32
"223",2023-11-03 08:23:46,39.8457585714286,-73.7392295238095,34,19.3719523809524,32.0690476190476,15.873,7.09428571428571,8.50095238095238,-0.166666666666667,0.319047619047619
"224",2023-11-03 08:23:46,39.8457306666667,-73.739264,34,21.2008666666667,32.0986666666667,15.8442,7.072,8.60133333333333,-0.142,0.278666666666667
"225",2023-11-03 08:23:46,39.8457345454545,-73.7392672727273,34,23.0248181818182,32.1027272727273,15.8559090909091,7.05363636363636,8.58909090909091,-0.125454545454545,0.290909090909091
"226",2023-11-03 08:23:46,39.8457511764706,-73.7392423529412,34,24.9154117647059,32.0994117647059,15.8976470588235,7.04529411764706,8.47941176470588,0.0141176470588235,0.285294117647059
"227",2023-11-03 08:23:46,39.8457291666667,-73.7392741666667,34,26.6926666666667,32.115,15.8725833333333,7.02833333333333,8.57666666666667,-0.00416666666666666,0.3525
"228",2023-11-03 08:23:46,39.845740952381,-73.7392519047619,34,28.801619047619,32.117619047619,15.8953333333333,7.01952380952381,8.49666666666667,0.141904761904762,0.273809523809524
"229",2023-11-05 13:31:57,39.104396,-74.20671,5,1.5913,32.688,16.1175,7.418,8.894,2.817,0.342
"230",2023-11-05 13:31:57,39.1043991666667,-74.2067175,5,3.24091666666667,32.35125,16.3904166666667,7.50583333333333,8.715,0.74875,0.211666666666667
"231",2023-11-05 13:31:57,39.1044036842105,-74.2067263157895,5,5.10205263157895,32.2531578947368,16.4741052631579,7.51631578947368,8.65578947368421,-0.0736842105263158,0.190526315789474
"232",2023-11-05 13:31:57,39.1044122857143,-74.2067354285714,5,7.1,32.234,16.4775428571429,7.408,8.65714285714286,-0.192,0.231142857142857
"233",2023-11-05 13:31:57,39.10441625,-74.20672875,5,8.997875,32.245625,16.443625,7.41375,8.608125,-0.21,0.27
"234",2023-11-05 13:31:57,39.104414,-74.206726,5,11.11988,32.2428,16.44516,7.472,8.5636,-0.2224,0.3128
"235",2023-11-05 13:31:57,39.1044116666667,-74.2067288888889,5,13.4506111111111,32.2411111111111,16.4497777777778,7.43166666666667,8.55611111111111,-0.222222222222222,0.353888888888889
"236",2023-11-05 13:31:57,39.1044095833333,-74.20672625,5,15.0118333333333,32.2470833333333,16.4537083333333,7.41416666666667,8.54333333333333,-0.23,0.3025
"237",2023-11-05 13:31:57,39.10441,-74.2067218181818,5,16.6578636363636,32.2609090909091,16.4813181818182,7.455,8.48590909090909,-0.236818181818182,0.270909090909091
"238",2023-11-05 13:31:57,39.1044104,-74.2067204,5,18.78988,32.2988,16.5104,7.4504,8.4504,-0.2404,0.268
"239",2023-11-05 13:31:57,39.1044113793103,-74.2067213793104,5,21.1670689655172,32.3520689655172,16.529724137931,7.43448275862069,8.44551724137931,-0.218620689655172,0.339655172413793
"240",2023-11-05 13:31:57,39.1044023076923,-74.2067157692308,5,23.3657307692308,32.4034615384615,16.5518461538462,7.42692307692308,8.43884615384615,-0.197307692307692,0.418461538461538
"241",2023-11-05 13:31:57,39.1043964705882,-74.2067141176471,5,25.3505294117647,32.4635294117647,16.6003529411765,7.44941176470588,8.35,-0.141176470588235,0.461176470588235
"242",2023-11-05 13:31:57,39.1044,-74.2067176923077,5,27.015,32.4823076923077,16.5975,7.42615384615385,8.37884615384615,-0.0707692307692308,0.566153846153846
"243",2023-11-05 13:31:57,39.1044,-74.20672,5,28.96925,32.495625,16.612,7.42375,8.359375,0.018125,0.595625
"244",2023-11-05 13:59:17,39.068535,-74.127351,20,1.5393,32.367,17.037,7.823,8.526,-0.036,0.063
"245",2023-11-05 13:59:17,39.0685777272727,-74.1273518181818,20,2.87363636363636,32.4981818181818,16.7615,7.84363636363636,8.54227272727273,-0.255,0.0745454545454545
"246",2023-11-05 13:59:17,39.0685716666667,-74.12735,20,4.79070833333333,32.5216666666667,16.7054166666667,7.84375,8.54333333333333,-0.255416666666667,0.114583333333333
"247",2023-11-05 13:59:17,39.0685730769231,-74.1273538461539,20,6.70661538461538,32.5373076923077,16.6603076923077,7.85153846153846,8.53846153846154,-0.261153846153846,0.138846153846154
"248",2023-11-05 13:59:17,39.0685735714286,-74.1273542857143,20,8.74610714285714,32.5614285714286,16.6246428571429,7.85785714285714,8.52642857142857,-0.266785714285714,0.173214285714286
"249",2023-11-05 13:59:17,39.0685659259259,-74.1273555555556,20,10.8762222222222,32.5711111111111,16.6134814814815,7.86222222222222,8.51666666666667,-0.257407407407407,0.205555555555556
"250",2023-11-05 13:59:17,39.0685773913044,-74.1273643478261,20,12.8151304347826,32.58,16.5971304347826,7.86826086956522,8.49695652173913,-0.235652173913043,0.240434782608696
"251",2023-11-05 13:59:17,39.0685641666667,-74.1273658333333,20,14.9119583333333,32.5775,16.5985833333333,7.87291666666667,8.5,-0.229583333333333,0.2425
"252",2023-11-05 13:59:17,39.0685608333333,-74.1273566666667,20,17.0914166666667,32.58,16.5970416666667,7.875,8.4975,-0.245,0.236666666666667
"253",2023-11-05 13:59:17,39.0685629411765,-74.1273529411765,20,19.0253529411765,32.5835294117647,16.5964705882353,7.87764705882353,8.48941176470588,-0.249411764705882,0.216470588235294
"254",2023-11-05 13:59:17,39.0685613043478,-74.1273517391304,20,20.6737391304348,32.5847826086957,16.5961739130435,7.88,8.48260869565217,-0.254347826086957,0.207391304347826
"255",2023-11-05 13:59:17,39.0685617241379,-74.1273579310345,20,22.8539310344828,32.5851724137931,16.5956551724138,7.88137931034483,8.47103448275862,-0.248965517241379,0.25
"256",2023-11-05 13:59:17,39.068562,-74.1273585,20,24.61105,32.587,16.59365,7.89,8.4595,-0.2515,0.2425
"257",2023-11-05 13:59:17,39.0685573076923,-74.1273507692308,20,26.8245384615385,32.5853846153846,16.5948461538462,7.89,8.45961538461538,-0.243076923076923,0.266538461538462
"258",2023-11-05 13:59:17,39.0685566666667,-74.1273504166667,20,29.0153333333333,32.58875,16.5952083333333,7.89,8.45875,-0.212916666666667,0.30875
"259",2023-11-05 13:59:17,39.068567826087,-74.1273534782609,20,31.0278260869565,32.59,16.5956086956522,7.89,8.45304347826087,-0.169130434782609,0.34
"260",2023-11-05 14:41:49,39.0664742857143,-74.2866857142857,2,1.57885714285714,32.6457142857143,16.4251428571429,7.70571428571429,8.82428571428571,1.63857142857143,0.264285714285714
"261",2023-11-05 14:41:49,39.0665113636364,-74.2866781818182,2,2.61213636363636,32.3740909090909,16.5670454545455,7.71454545454545,8.75227272727273,0.508636363636364,0.204090909090909
"262",2023-11-05 14:41:49,39.0664919230769,-74.2866765384615,2,4.64238461538462,32.2438461538462,16.6516153846154,7.71,8.695,-0.183076923076923,0.22
"263",2023-11-05 14:41:49,39.0665285185185,-74.2866822222222,2,6.9612962962963,32.2803703703704,16.5592592592593,7.72185185185185,8.65814814814815,-0.214814814814815,0.268888888888889
"264",2023-11-05 14:41:49,39.0664841666667,-74.2866866666667,2,9.21133333333333,32.2983333333333,16.5327083333333,7.69875,8.65291666666667,-0.233333333333333,0.2675
"265",2023-11-05 14:41:49,39.0665336842105,-74.2866889473684,2,11.1300526315789,32.3368421052632,16.5155789473684,7.71368421052632,8.65210526315789,-0.228947368421053,0.263684210526316
"266",2023-11-05 14:41:49,39.0664936363636,-74.2866859090909,2,13.0165,32.3468181818182,16.5140454545455,7.69454545454546,8.65136363636364,-0.216818181818182,0.275454545454545
"267",2023-11-05 14:41:49,39.066505,-74.286685,2,14.7313,32.3595,16.52045,7.6955,8.6395,-0.2155,0.263
"268",2023-11-05 14:41:49,39.0665110714286,-74.2866778571429,2,16.7297857142857,32.3678571428571,16.5406785714286,7.68964285714286,8.60035714285714,-0.222142857142857,0.248928571428571
"269",2023-11-05 14:41:49,39.066485483871,-74.2866758064516,2,19.1386451612903,32.3932258064516,16.5722903225806,7.67548387096774,8.58258064516129,-0.209032258064516,0.313548387096774
"270",2023-11-05 14:41:49,39.0664888,-74.2866744,2,21.29588,32.4596,16.61492,7.674,8.566,-0.1744,0.372
"271",2023-11-05 14:41:49,39.0664819047619,-74.2866757142857,2,23.1794761904762,32.5042857142857,16.6243333333333,7.67380952380952,8.58809523809524,-0.165714285714286,0.391904761904762
"272",2023-11-06 10:08:00,23.8095128571429,-45.1975203571429,11,1.33378571428571,32.0092857142857,15.1466428571429,7.37892857142857,9.47,5.04035714285714,0.915357142857143
"273",2023-11-06 10:08:00,39.2156584,-74.4430084,11,3.19684,31.7036,15.5248,7.3016,9.186,0.706,1.2152
"274",2023-11-06 10:08:00,39.2156164285714,-74.4430728571429,11,5.024,31.5885714285714,15.6887857142857,7.24571428571429,9.025,0.0871428571428571,1.19357142857143
"275",2023-11-06 10:08:00,39.215630625,-74.443033125,11,6.8730625,31.591875,15.6936875,7.2475,9.039375,0.108125,1.273125
"276",2023-11-06 10:08:00,39.2156305263158,-74.4430310526316,11,9.06457894736842,31.5926315789474,15.7321578947368,7.22684210526316,9.00684210526316,0.262631578947368,1.08473684210526
"277",2023-11-06 10:08:00,39.215626,-74.4430333333333,11,11.2903333333333,31.622,15.7703333333333,7.20533333333333,8.97866666666667,1.244,1.336
"278",2023-11-06 10:08:00,39.2156555555556,-74.4430144444444,11,12.787,31.6266666666667,15.7344444444444,7.21666666666667,9.02888888888889,0.776666666666667,1.41222222222222
"279",2023-11-06 10:08:00,39.2156346666667,-74.4430293333333,11,14.9358,31.6526666666667,15.7648,7.2,8.99866666666667,1.04133333333333,1.38333333333333
"280",2023-11-06 10:08:00,39.2156345454545,-74.4430390909091,11,16.9013636363636,31.6709090909091,15.7741818181818,7.19181818181818,8.99454545454545,1.01636363636364,1.53363636363636
"281",2023-11-06 10:33:30,39.25494,-74.517885,12,1.4075,15.675,14.3525,7.135,10.6325,0.92,0.665
"282",2023-11-06 10:33:30,39.2549355555556,-74.5179016666667,12,2.96416666666667,31.6972222222222,15.0967777777778,7.07722222222222,9.14777777777778,1.06888888888889,0.980555555555556
"283",2023-11-06 10:33:30,39.2549357142857,-74.5178957142857,12,5.10507142857143,31.5214285714286,15.2950714285714,7.05285714285714,8.90785714285714,1.325,1.05642857142857
"284",2023-11-06 10:33:30,33.2157153846154,-63.0536184615385,12,7.09646153846154,31.4907692307692,15.3315384615385,7.04615384615385,8.90461538461538,1.58692307692308,1.18769230769231
"285",2023-11-06 10:33:30,22.080901875,-41.916346875,12,9.0033125,31.475,15.34875,7.046875,8.92,1.72375,1.119375
"286",2023-11-06 10:33:30,16.8235435714286,-31.9362571428571,12,11.1858571428571,31.4721428571429,15.3523571428571,7.05428571428571,8.86785714285714,1.81,1.12071428571429
"287",2023-11-06 10:33:30,7.850986,-14.903584,12,13.2544,31.402,15.4319,7.03,8.741,2.59,1.233
"288",2023-11-06 11:35:26,39.1019175,-74.6687725,38,1.48375,23.6475,14.716,7.51,10.175,0.9325,1.8325
"289",2023-11-06 11:35:26,39.1019190909091,-74.6687681818182,38,2.842,31.4927272727273,15.2011818181818,7.50090909090909,8.89454545454545,0.859090909090909,1.71909090909091
"290",2023-11-06 11:35:26,39.101901,-74.668804,38,4.91445,31.331,15.37895,7.4795,8.7595,1.022,1.986
"291",2023-11-06 11:35:26,39.101922,-74.668769,38,6.9218,31.336,15.3639,7.483,8.794,2.328,2.198
"292",2023-11-06 11:35:26,39.1019255555556,-74.6687905555556,38,8.87055555555555,31.3033333333333,15.3896666666667,7.47444444444444,8.75777777777778,5.06,1.93111111111111
"293",2023-11-06 11:35:26,39.1019333333333,-74.6687675,38,11.28125,31.3058333333333,15.3875,7.4775,8.7925,4.2575,2.01583333333333
"294",2023-11-06 11:35:26,39.1019225,-74.668775,38,13.12625,31.2875,15.4049166666667,7.47333333333333,8.7725,4.46,2.23583333333333
"295",2023-11-06 12:18:49,39.103686,-74.516346,37,1.3674,19.026,15.3292,7.748,9.768,6.38,0.626
"296",2023-11-06 12:18:49,39.1036945454545,-74.5163290909091,37,3.12309090909091,32.2181818181818,15.3001818181818,7.75272727272727,9.13272727272727,6.85636363636364,0.675454545454545
"297",2023-11-06 12:18:49,39.103685,-74.51636875,37,5.141375,31.94125,15.6154375,7.72625,8.78625,3.47625,0.8025
"298",2023-11-06 12:18:49,39.1037085714286,-74.5163185714286,37,7.00528571428571,32.055,15.4794285714286,7.74642857142857,8.89285714285714,6.34214285714286,0.807142857142857
"299",2023-11-06 12:18:49,39.10370125,-74.51634625,37,9.0140625,31.84125,15.734,7.72,8.76625,3.52,0.976875
"300",2023-11-06 12:18:49,39.1037018181818,-74.5163381818182,37,11.1050909090909,31.7727272727273,15.8134545454545,7.71545454545455,8.73454545454545,2.83,0.962727272727273
"301",2023-11-06 12:18:49,39.1037207692308,-74.51629,37,12.9926923076923,31.7669230769231,15.826,7.74076923076923,8.82615384615385,1.72,0.903846153846154
"302",2023-11-06 12:18:49,39.103705625,-74.51633,37,14.677375,31.71875,15.877,7.715,8.700625,1.253125,0.903125
"303",2023-11-06 12:18:49,39.1037258823529,-74.5163011764706,37,16.9246470588235,31.7182352941176,15.8760588235294,7.73058823529412,8.73352941176471,1.00764705882353,0.834117647058824
"304",2023-11-06 13:17:16,38.9079755555556,-74.5465988888889,19,1.45766666666667,28.7377777777778,16.2181111111111,7.65777777777778,9.20555555555556,2.66777777777778,0.362222222222222
"305",2023-11-06 13:17:16,38.9079666666667,-74.5466193333333,19,3.17253333333333,32.264,16.2761333333333,7.65533333333333,8.75866666666667,1.91933333333333,0.493333333333333
"306",2023-11-06 13:17:16,38.9080005882353,-74.5465070588235,19,5.19805882352941,32.2488235294118,16.2825882352941,7.62,8.77294117647059,1.91411764705882,0.585882352941177
"307",2023-11-06 13:17:16,38.90795,-74.5466528571429,19,6.87592857142857,32.0992857142857,16.433,7.64928571428571,8.71928571428571,0.3,0.704285714285714
"308",2023-11-06 13:17:16,38.9079794444444,-74.5465661111111,19,8.94772222222222,32.0827777777778,16.4554444444444,7.61944444444444,8.73,-0.0566666666666667,0.711111111111111
"309",2023-11-06 13:17:16,38.9079693333333,-74.5465873333333,19,11.1064,32.0766666666667,16.4617333333333,7.62,8.69333333333333,-0.094,0.686666666666667
"310",2023-11-06 13:17:16,38.9079718181818,-74.5465672727273,19,12.9551818181818,32.0790909090909,16.4618181818182,7.61,8.69,-0.0909090909090909,0.704545454545455
"311",2023-11-06 13:17:16,38.9079753333333,-74.5465533333333,19,14.6843333333333,32.0793333333333,16.4593333333333,7.60066666666667,8.69133333333333,-0.08,0.817333333333333
"312",2023-11-06 13:17:16,38.9079655555556,-74.5465655555556,19,16.8585555555556,32.0883333333333,16.4589444444444,7.60111111111111,8.66777777777778,0.045,0.946666666666667
"313",2023-11-06 13:17:16,38.9079614285714,-74.5465728571429,19,19.0913571428571,32.095,16.4605,7.59857142857143,8.65071428571428,1.23357142857143,0.865714285714286
"314",2023-11-06 13:17:16,38.90798,-74.5465511764706,19,20.9257058823529,32.0976470588235,16.4584117647059,7.58647058823529,8.66294117647059,1.87529411764706,1.50823529411765
"315",2023-11-03 09:26:10,39.6629244444444,-73.7403577777778,30,1.60044444444444,32.6377777777778,15.5358888888889,7.19,9.08888888888889,-0.232222222222222,0.308888888888889
"316",2023-11-03 09:26:10,39.6629153846154,-73.7403869230769,30,2.74084615384615,32.7730769230769,15.3531538461538,7.20307692307692,9.05769230769231,-0.208461538461538,0.316153846153846
"317",2023-11-03 09:26:10,39.662925,-73.74036125,30,4.9845,32.566875,15.6014375,7.1575,8.85125,-0.211875,0.34875
"318",2023-11-03 09:26:10,39.66292,-73.7403821052632,30,6.99173684210526,32.5315789473684,15.6488947368421,7.14526315789474,8.88105263157895,-0.202105263157895,0.330526315789474
"319",2023-11-03 09:26:10,39.6629178571429,-73.740385,30,9.16942857142857,32.43,15.7742857142857,7.12571428571429,8.80357142857143,-0.201428571428571,0.344285714285714
"320",2023-11-03 09:26:10,39.6629118181818,-73.7404072727273,30,11.4148181818182,32.4345454545455,15.7712727272727,7.12636363636364,8.84090909090909,-0.194545454545455,0.365454545454545
"321",2023-11-03 09:26:10,39.66293,-73.7403716666667,30,12.9795833333333,32.3841666666667,15.8443333333333,7.09,8.68,-0.2,0.403333333333333
"322",2023-11-03 09:26:10,39.66292,-73.7404026666667,30,15.0963333333333,32.4093333333333,15.8122,7.10266666666667,8.758,-0.192,0.413333333333333
"323",2023-11-03 09:26:10,39.662925,-73.740399,30,17.0655,32.4,15.8341,7.082,8.706,-0.186,0.414
"324",2023-11-03 09:26:10,39.6629308695652,-73.7403943478261,30,19.1754782608696,32.3886956521739,15.8562608695652,7.05695652173913,8.65826086956522,-0.165217391304348,0.40695652173913
"325",2023-11-03 09:26:10,39.6629266666667,-73.7404105555556,30,21.2355,32.4022222222222,15.8464444444444,7.04833333333333,8.68611111111111,-0.107222222222222,0.387777777777778
"326",2023-11-03 09:26:10,39.6629345454545,-73.7404063636364,30,23.3123636363636,32.4045454545454,15.8484545454545,7.03727272727273,8.67181818181818,-0.111818181818182,0.372727272727273
"327",2023-11-06 14:05:02,38.991046,-74.435752,18,1.7839,25.794,15.8184,7.577,9.709,3.153,0.496
"328",2023-11-06 14:05:02,38.9910542105263,-74.4357515789474,18,2.89205263157895,32.1915789473684,16.1342631578947,7.55894736842105,8.95842105263158,2.38631578947368,0.614210526315789
"329",2023-11-06 14:05:02,38.9910688888889,-74.4357255555556,18,4.909,32.1566666666667,16.1718888888889,7.55111111111111,8.95333333333333,2.22111111111111,0.758888888888889
"330",2023-11-06 14:05:02,38.9910635714286,-74.435745,18,6.89657142857143,32.1121428571429,16.2221428571429,7.53214285714286,8.92357142857143,1.35071428571429,0.854285714285714
"331",2023-11-06 14:05:02,38.9910590909091,-74.4357563636364,18,9.35563636363636,32.0927272727273,16.2522727272727,7.51454545454545,8.9,0.717272727272727,0.867272727272727
"332",2023-11-06 14:05:02,38.9910842857143,-74.4356742857143,18,10.7774285714286,32.1471428571429,16.1837142857143,7.55,8.96857142857143,1.38571428571429,0.892857142857143
"333",2023-11-06 14:05:02,38.9910678571429,-74.4357264285714,18,13.0562857142857,32.0907142857143,16.2515,7.51142857142857,8.89928571428571,-0.0835714285714286,0.954285714285714
"334",2023-11-06 14:05:02,38.9910758333333,-74.4357158333333,18,14.8308333333333,32.085,16.2548333333333,7.50666666666667,8.8925,-0.0241666666666667,1.18916666666667
"335",2023-11-06 14:05:02,38.99107625,-74.435696875,18,16.8535625,32.074375,16.2611875,7.5125,8.891875,0.011875,1.180625
"336",2023-11-06 14:05:02,38.9910905555556,-74.4357144444444,18,19.0000555555556,32.0616666666667,16.2732777777778,7.49666666666667,8.87166666666667,0.459444444444444,0.626111111111111
"337",2023-11-06 14:05:02,38.9910872727273,-74.4357036363636,18,20.9223636363636,32.0636363636364,16.274,7.49727272727273,8.86909090909091,0.316363636363636,0.989090909090909
"338",2023-11-06 14:30:43,39.029386,-74.364226,17,1.8036,19.372,15.995,7.712,9.902,2.846,0.304
"339",2023-11-06 14:30:43,39.0293876470588,-74.3642182352941,17,2.88070588235294,32.3817647058824,16.2038823529412,7.69058823529412,8.99823529411765,2.49117647058824,0.341176470588235
"340",2023-11-06 14:30:43,39.0293646666667,-74.3642553333333,17,4.87793333333333,32.2493333333333,16.3138,7.67666666666667,8.76533333333333,1.2,0.499333333333333
"341",2023-11-06 14:30:43,39.02939875,-74.3642125,17,6.9114375,32.24875,16.30275,7.65875,8.7575,1.29375,0.555625
"342",2023-11-06 14:30:43,39.029385,-74.364227,17,9.32325,32.2275,16.3202,7.644,8.689,0.5515,0.5525
"343",2023-11-06 14:30:43,39.0294288888889,-74.3641555555556,17,10.7472222222222,32.2455555555556,16.3028888888889,7.62666666666667,8.75888888888889,0.163333333333333,0.557777777777778
"344",2023-11-06 14:30:43,39.0294038888889,-74.3641866666667,17,13.0837777777778,32.2255555555556,16.325,7.61611111111111,8.68388888888889,-0.165555555555556,0.585
"345",2023-11-06 14:30:43,39.0293894444444,-74.3642061111111,17,14.7620555555556,32.2094444444444,16.3446111111111,7.60055555555556,8.58722222222222,-0.176666666666667,0.648888888888889
"346",2023-11-06 14:30:43,39.0294126315789,-74.3641742105263,17,17.1507894736842,32.2078947368421,16.3522631578947,7.58157894736842,8.56,-0.168421052631579,0.713157894736842
"347",2023-11-06 14:30:43,39.0294093333333,-74.3641886666667,17,19.2012,32.204,16.3926666666667,7.556,8.406,-0.143333333333333,0.64
"348",2023-11-06 14:30:43,39.0294184615385,-74.3641607692308,17,20.7266153846154,32.2315384615385,16.4056153846154,7.54307692307692,8.45,-0.0230769230769231,0.712307692307692
"349",2023-11-06 14:30:43,39.0294047058824,-74.3641576470588,17,22.9750588235294,32.27,16.4304705882353,7.52882352941176,8.41882352941177,0.625294117647059,0.761764705882353
"350",2023-11-06 14:30:43,39.0294006666667,-74.364134,17,25.1978,32.2806666666667,16.3961333333333,7.522,8.53466666666667,0.488666666666667,0.732666666666667
"351",2023-11-06 14:30:43,39.0293818181818,-74.3641836363636,17,26.8739090909091,32.3654545454545,16.4957272727273,7.50545454545454,8.29727272727273,3.34545454545455,0.880909090909091
"352",2023-11-03 10:06:58,39.66107,-73.896206,29,1.4556,32.548,15.3152,7.348,8.99,2.294,0.174
"353",2023-11-03 10:06:58,39.661151875,-73.89611125,29,2.865625,32.2725,15.610375,7.38,8.449375,0.676875,0.275
"354",2023-11-03 10:06:58,39.6611061538462,-73.8961630769231,29,5.02838461538462,32.3546153846154,15.5168461538462,7.34384615384615,8.51692307692308,0.568461538461538,0.319230769230769
"355",2023-11-03 10:06:58,39.661161,-73.896101,29,6.9893,32.094,15.8233,7.371,8.389,0.085,0.337
"356",2023-11-03 10:06:58,39.6611516666667,-73.8961175,29,8.845,32.0358333333333,15.8936666666667,7.35416666666667,8.3925,-0.0991666666666667,0.348333333333333
"357",2023-11-03 10:06:58,39.6611477777778,-73.8961177777778,29,10.7812222222222,31.9988888888889,15.9378888888889,7.34444444444444,8.37888888888889,-0.152222222222222,0.361111111111111
"358",2023-11-03 10:06:58,39.6611646666667,-73.8960926666667,29,12.9984,31.9746666666667,15.962,7.356,8.33,-0.152,0.336
"359",2023-11-03 10:06:58,39.6611630769231,-73.8961061538461,29,15.3277692307692,31.9684615384615,15.9672307692308,7.34461538461538,8.31923076923077,-0.156923076923077,0.391538461538462
"360",2023-11-03 10:06:58,39.6611655555556,-73.8961066666667,29,17.1466666666667,31.9644444444444,15.97,7.34222222222222,8.30555555555556,-0.145555555555556,0.371111111111111
"361",2023-11-03 10:06:58,39.6611616666667,-73.8961158333333,29,18.98175,31.9658333333333,15.9693333333333,7.335,8.30083333333333,-0.0958333333333333,0.368333333333333
"362",2023-11-03 10:06:58,39.6611563636364,-73.8961254545455,29,20.9671818181818,31.97,15.9676363636364,7.32181818181818,8.29909090909091,-0.0327272727272727,0.355454545454545
"363",2023-11-03 10:06:58,39.6611733333333,-73.8961066666667,29,23.0186666666667,31.97,15.9696666666667,7.3375,8.28333333333333,0.110833333333333,0.300833333333333
"364",2023-11-03 10:06:58,39.6611566666667,-73.89612,29,24.6703333333333,31.9677777777778,15.9686666666667,7.32111111111111,8.29222222222222,0.0277777777777778,0.291111111111111
"365",2023-11-03 10:06:58,39.661168125,-73.896116875,29,26.951875,31.965625,15.97075,7.324375,8.285,0.076875,0.2975
"366",2023-11-03 10:36:42,39.73402,-73.97206,28,1.35066666666667,20.9844444444444,14.4274444444444,7.56222222222222,10.4444444444444,3.06777777777778,0.762222222222222
"367",2023-11-03 10:36:42,39.73399,-73.9720933333333,28,3.01816666666667,32.1458333333333,14.814,7.62,9.57916666666667,4.08166666666667,0.81
"368",2023-11-03 10:36:42,39.734013125,-73.972076875,28,4.9061875,31.8725,15.321,7.528125,9.063125,2.436875,0.7425
"369",2023-11-03 10:36:42,39.7340064285714,-73.9720878571429,28,7.01857142857143,31.8807142857143,15.4025,7.52714285714286,9.065,2.13428571428571,0.741428571428571
"370",2023-11-03 10:36:42,39.7339928571429,-73.9721128571429,28,9.08085714285714,31.9135714285714,15.3983571428571,7.56214285714286,9.16,1.73571428571429,0.723571428571429
"371",2023-11-03 10:36:42,39.7340061538462,-73.9720961538462,28,10.8253846153846,31.8492307692308,15.5561538461538,7.50153846153846,8.91230769230769,-0.113076923076923,0.644615384615385
"372",2023-11-03 10:36:42,39.7340075,-73.972100625,28,12.9398125,31.803125,15.6676875,7.48,8.77,-0.1125,0.568125
"373",2023-11-03 10:36:42,39.7339966666667,-73.9721153333333,28,15.1782,31.7993333333333,15.7107333333333,7.51133333333333,8.808,-0.0993333333333333,0.546
"374",2023-11-03 10:36:42,39.7339976923077,-73.9721146153846,28,17.2305384615385,31.7838461538462,15.7484615384615,7.5,8.80923076923077,-0.0938461538461538,0.485384615384615
"375",2023-11-03 10:36:42,39.7340235714286,-73.9720878571429,28,19.0707857142857,31.7785714285714,15.7823571428571,7.40714285714286,8.66857142857143,-0.0385714285714286,0.517142857142857
"376",2023-11-03 10:36:42,39.734019375,-73.972095,28,20.9859375,31.780625,15.779375,7.41875,8.69875,-0.040625,0.518125
"377",2023-11-03 10:36:42,39.7340221428571,-73.9721021428571,28,22.8686428571429,31.78,15.7826428571429,7.41928571428571,8.69714285714286,-0.08,0.529285714285714
"378",2023-11-03 11:30:52,39.5828566666667,-73.97404,31,1.46716666666667,27.095,14.6761666666667,6.93166666666667,10.6583333333333,4.305,0.456666666666667
"379",2023-11-03 11:30:52,39.582861875,-73.974041875,31,3.022125,32.235625,15.2805625,6.86625,9.11,3.535625,0.4975
"380",2023-11-03 11:30:52,39.5828371428571,-73.9740435714286,31,5.00185714285714,32.0985714285714,15.4342857142857,6.79571428571429,9.20071428571429,3.35071428571429,0.501428571428571
"381",2023-11-03 11:30:52,39.5828958823529,-73.9740435294118,31,6.88829411764706,31.9035294117647,15.7632941176471,6.80941176470588,8.71117647058824,0.859411764705882,0.479411764705882
"382",2023-11-03 11:30:52,39.5828766666667,-73.97406,31,8.98027777777778,31.9444444444444,15.7698333333333,6.76388888888889,8.65722222222222,-0.103888888888889,0.5
"383",2023-11-03 11:30:52,39.582866,-73.974064,31,10.933,31.914,15.8199,6.736,8.667,-0.115,0.531
"384",2023-11-03 11:30:52,39.58286375,-73.97406875,31,12.9720625,31.91625,15.843875,6.708125,8.675625,-0.125,0.514375
"385",2023-11-03 11:30:52,39.5828977777778,-73.9740511111111,31,15.0765555555556,31.9533333333333,15.9544444444444,6.72666666666667,8.47777777777778,-0.155555555555556,0.355555555555556
"386",2023-11-03 11:30:52,39.5828833333333,-73.9740541666667,31,16.8524166666667,31.9675,15.9198333333333,6.68833333333333,8.58,0.0308333333333333,0.344166666666667
"387",2023-11-03 11:30:52,39.5828958823529,-73.9740405882353,31,18.9595882352941,31.9876470588235,15.9652941176471,6.68529411764706,8.50117647058824,0.42,0.298823529411765
"388",2023-11-03 11:30:52,39.582896,-73.974036,31,21.316,32,15.9742,6.66266666666667,8.51666666666667,0.238,0.323333333333333
"389",2023-11-03 11:30:52,39.5829022222222,-73.9740266666667,31,23.3677777777778,31.9933333333333,16.0031111111111,6.67111111111111,8.44222222222222,0.508888888888889,0.315555555555556
"390",2023-11-03 11:30:52,39.582896875,-73.97403375,31,24.9231875,31.991875,16.00325,6.656875,8.455625,0.221875,0.368125
