"","ID","Length_mm","LengthPSLRatio","Depth_m","Species","L_PSL.cm","L_PSL_mm","R_PSL.cm","AVG_PSL","L_h.cm","R_h.cm","AVG_H","L_chon.cm","R_chon.cm","AVG_chon","L_upper.cm","R_upper.cm","AVG_Upper","R_1.cm","R_2.cm","AVG_Inner_R","L_lower.cm","R_lower.cm","AVG_Lower","T_short.um","T_long.um","T_ratio","Ages_Vonbert","X","L_PSL.mm","R2","PSL_ratio"
"1","BC01",118.92,0.323494786,38,"solidissima",3.847,38.47,3.929,3.888,8.56,8.555,8.5575,1.243,1.019,1.131,3.733,3.532,3.6325,2.281,1.898,2.0895,3.006,2.978,2.992,2378.76,3213.74,0.740184334,4,"",38.47,0.858445768624471,0.323494786411033
"3","BC03",112.25,0.312160356,38,"solidissima",3.504,35.04,3.173,3.3385,6.887,7.218,7.0525,1.155,1.054,1.1045,3.556,3.465,3.5105,2.192,1.923,2.0575,2.701,2.665,2.683,2875.626,3498.857,0.82187583,5,"",35.04,0.858445768624471,0.312160356347439
"6","BC06",112.63,0.307555713,38,"solidissima",3.464,34.64,3.539,3.5015,6.73,6.608,6.669,0.949,0.958,0.9535,3.272,3.172,3.222,2.16,1.502,1.831,2.3,2.3,2.3,2305.022,2691.338,0.856459501,5,"",34.64,0.858445768624471,0.307555713397851
"8","BC08",109.65,0.292567259,38,"solidissima",3.208,32.08,3.138,3.173,7.096,7.183,7.1395,1.166,1.056,1.111,3.365,3.576,3.4705,2.274,1.873,2.0735,2.518,2.718,2.618,2483.194,3048.45,0.814575932,5,"",32.08,0.858445768624471,0.292567259461924
"9","BC09",120.54,0.296996848,38,"solidissima",3.58,35.8,3.853,3.7165,7.439,7.27,7.3545,0.958,1.041,0.9995,3.294,3.354,3.324,2.134,1.68,1.907,2.711,2.611,2.661,2747.981,3206.322,0.857050851,4,"",35.8,0.858445768624471,0.296996847519496
"10","BC10",113.02,0.30233587,38,"solidissima",3.417,34.17,3.522,3.4695,7.392,7.235,7.3135,1.108,1.025,1.0665,3.5,3.518,3.509,2.231,1.673,1.952,2.563,2.803,2.683,2466.83,3101.371,0.795399841,5,"",34.17,0.858445768624471,0.302335869757565
"12","BC13",107.98,0.277736618,38,"solidissima",2.999,29.99,3.208,3.1035,6.677,6.59,6.6335,1.064,0.946,1.005,3.167,3.238,3.2025,2.083,1.564,1.8235,2.544,2.357,2.4505,2327.407,3192.151,0.729103041,4,"",29.99,0.858445768624471,0.277736617892202
"15","BC16",113.69,0.276013722,38,"solidissima",3.138,31.38,3.382,3.26,6.858,6.817,6.8375,0.987,0.878,0.9325,3.153,3.127,3.14,2.17,1.608,1.889,2.456,2.544,2.5,2386.598,3077.519,0.775494156,5,"",31.38,0.858445768624471,0.276013721523441
"16","BC17",116.88,0.249144422,38,"solidissima",2.912,29.12,3.26,3.086,7.776,7.706,7.741,1.066,1.059,1.0625,3.494,3.49,3.492,2.384,2.04,2.212,2.673,2.911,2.792,2616.295,3213.098,0.814259322,5,"",29.12,0.858445768624471,0.249144421629021
"17","BC18",118.47,0.302186207,38,"solidissima",3.58,35.8,3.696,3.638,7.276,7.218,7.247,1.114,1.007,1.0605,3.089,3.035,3.062,2.15,1.551,1.8505,2.237,2.609,2.423,2141.851,2878.945,0.743970795,5,"",35.8,0.858445768624471,0.302186207478687
"19","BC20",106.93,0.324604882,38,"solidissima",3.471,34.71,3.508,3.4895,7.495,7.399,7.447,1.084,0.923,1.0035,3.269,3.252,3.2605,2.208,1.556,1.882,2.675,2.506,2.5905,2374.768,2979.547,0.797023172,5,"",34.71,0.858445768624471,0.324604881698307
"20","BC21",109.96,0.31566024,38,"solidissima",3.471,34.71,3.508,3.4895,7.606,7.458,7.532,1.052,0.997,1.0245,3.001,3.197,3.099,2.051,1.886,1.9685,2.866,2.87,2.868,2466.419,3377.991,0.730143745,4,"",34.71,0.858445768624471,0.315660240087304
"21","BC22",117.89,0.332258885,38,"solidissima",3.917,39.17,3.899,3.908,7.616,7.653,7.6345,1.172,0.964,1.068,3.363,3.376,3.3695,2.29,1.781,2.0355,3.013,2.783,2.898,2435.082,3215.093,0.757390844,5,"",39.17,0.858445768624471,0.332258885401646
"22","BC23",104.33,0.337966069,38,"solidissima",3.526,35.26,3.489,3.5075,7.126,6.83,6.978,1.041,0.937,0.989,3.147,3.165,3.156,1.982,1.576,1.779,2.46,2.518,2.489,2246.803,2810.347,0.799475296,5,"",35.26,0.858445768624471,0.337966069203489
"23","BC24",105.63,0.324150336,38,"solidissima",3.424,34.24,3.471,3.4475,7.329,7.2,7.2645,1.122,1.016,1.069,3.549,3.429,3.489,2.245,1.855,2.05,2.737,2.733,2.735,2806.782,3242.78,0.865548079,4,"",34.24,0.858445768624471,0.324150336078766
"24","BC25",106.63,0.311638376,38,"solidissima",3.323,33.23,3.84,3.5815,7.329,7.403,7.366,1.107,1.106,1.1065,3.472,3.498,3.485,2.374,1.708,2.041,2.698,2.552,2.625,2435,2775.306,0.877380728,4,"",33.23,0.858445768624471,0.311638375691644
"25","BC26",99.24,0.325876663,38,"solidissima",3.234,32.34,3.126,NA,6.474,0.938,3.706,0.902,2.082,1.492,2.939,2.058,2.4985,NA,1.49,NA,3.194,2.363,2.7785,2023.987,2713.434,0.745913481,4,"",32.34,0.858445768624471,0.325876662636034
"26","BC27",104.07,0.340540021,38,"solidissima",3.544,35.44,2.563,3.0535,7.101,7.052,7.0765,1.138,1.027,1.0825,3.432,3.362,3.397,2.281,1.629,1.955,2.501,2.458,2.4795,2383.777,2923.123,0.815489803,5,"",35.44,0.858445768624471,0.340540021139618
"27","BC28",114.55,0.309384548,38,"solidissima",3.544,35.44,3.544,3.544,7.384,7.44,7.412,1.166,1.025,1.0955,3.598,3.619,3.6085,2.339,2.031,2.185,2.612,2.622,2.617,2891.649,2954.695,0.978662434,5,"",35.44,0.858445768624471,0.309384548232213
"28","BC29",115.23,0.337498915,38,"solidissima",3.889,38.89,4.024,3.9565,7.569,7.55,7.5595,1.125,1.116,1.1205,3.454,3.528,3.491,2.355,1.629,1.992,2.552,2.43,2.491,2524.049,2759.466,0.914687479,4,"",38.89,0.858445768624471,0.337498915213052
"29","BC30",107.25,0.331655012,38,"solidissima",3.557,35.57,3.341,3.449,7.064,6.966,7.015,0.994,0.905,0.9495,3.16,3.21,3.185,2.093,1.715,1.904,2.356,2.478,2.417,2513.628,2938.886,0.855299593,4,"",35.57,0.858445768624471,0.331655011655012
"30","BC31",113.34,0.330068819,38,"solidissima",3.741,37.41,3.711,3.726,7.68,7.397,7.5385,1.193,1.034,1.1135,3.869,3.876,3.8725,2.316,1.761,2.0385,2.782,2.683,2.7325,2538.996,3073.321,0.826140842,5,"",37.41,0.858445768624471,0.330068819481207
"31","BC32",105.68,0.312641938,38,"solidissima",3.304,33.04,3.36,3.332,6.923,6.978,6.9505,0.988,0.896,0.942,3.42,3.355,3.3875,2.199,1.754,1.9765,2.035,2.766,2.4005,2146.718,2865.039,0.749280551,5,"",33.04,0.858445768624471,0.312641937925814
"32","BC33",106.51,0.311989485,38,"solidissima",3.323,33.23,3.231,3.277,7.126,7.034,7.08,1.086,0.95,1.018,2.257,3.257,2.757,2.201,1.877,2.039,2.632,2.834,2.733,2611.053,3002.32,0.869678449,5,"",33.23,0.858445768624471,0.311989484555441
"33","BC34",118.86,0.339643278,38,"solidissima",4.037,40.37,4.061,4.049,7.63,7.698,7.664,1.176,1.123,1.1495,3.721,3.84,3.7805,2.424,1.753,2.0885,2.733,2.813,2.773,2515.601,2990.573,0.841176925,5,"",40.37,0.858445768624471,0.339643277805822
"34","BC35",96.71,0.31558267,38,"solidissima",3.052,30.52,3.114,3.083,6.621,6.632,6.6265,1.01,0.864,0.937,2.794,2.853,2.8235,1.858,1.589,1.7235,2.426,2.398,2.412,2186.607,2753.766,0.794042413,5,"",30.52,0.858445768624471,0.315582669837659
"35","BC36",92.79,0.306175234,38,"solidissima",2.841,28.41,2.877,2.859,6.286,6.141,6.2135,0.871,0.764,0.8175,2.7,2.753,2.7265,1.687,1.491,1.589,2.346,2.42,2.383,2146.462,3165.995,0.677973907,3,"",28.41,0.858445768624471,0.306175234400259
"36","BC37",117.74,0.305758451,38,"solidissima",3.6,36,3.674,3.637,7.92,7.974,7.947,1.118,1.065,1.0915,3.426,3.444,3.435,2.374,1.869,2.1215,2.776,3.11,2.943,2568.599,2943.234,0.872713145,5,"",36,0.858445768624471,0.305758450823849
"37","BC38",103.81,0.328388402,38,"solidissima",3.409,34.09,3.458,3.4335,6.88,6.818,6.849,1.044,0.922,0.983,3.211,3.225,3.218,2.051,1.515,1.783,2.464,2.403,2.4335,2209.779,2628.345,0.840749217,5,"",34.09,0.858445768624471,0.328388401888065
"38","BC39",113.18,0.332744301,38,"solidissima",3.766,37.66,3.692,3.729,7.17,7.587,7.3785,1.164,1.14,1.152,3.361,3.425,3.393,2.363,1.884,2.1235,2.581,2.696,2.6385,2765.072,3159.086,0.87527595,5,"",37.66,0.858445768624471,0.332744301113271
"39","BC40",112.05,0.319500223,38,"solidissima",3.58,35.8,3.637,3.6085,7.366,7.329,7.3475,1.199,1.028,1.1135,3.398,3.38,3.389,2.205,1.807,2.006,2.774,2.732,2.753,2426.896,3283.63,0.739089361,4,"",35.8,0.858445768624471,0.319500223114681
"40","BC41",114.65,0.319930222,38,"solidissima",3.668,36.68,3.748,3.708,7.79,7.717,7.7535,1.188,1.054,1.121,3.783,3.683,3.733,2.351,1.813,2.082,2.923,2.694,2.8085,2337.333,2937.197,0.795769913,5,"",36.68,0.858445768624471,0.319930222416049
"41","BC42",115.46,0.321410012,38,"solidissima",3.711,37.11,3.858,3.7845,7.532,7.661,7.5965,1.156,1.047,1.1015,3.513,3.555,3.534,2.264,1.744,2.004,2.499,2.739,2.619,2295.779,3030.417,0.757578577,4,"",37.11,0.858445768624471,0.321410012125411
"42","BC43",115.08,0.31438999,38,"solidissima",3.618,36.18,3.877,3.7475,7.624,7.55,7.587,1.098,1.102,1.1,3.46,3.694,3.577,2.355,1.941,2.148,2.697,2.149,2.423,2852.806,3766.142,0.757487636,5,"",36.18,0.858445768624471,0.314389989572471
"43","BC44",93.95,0.324853646,38,"solidissima",3.052,30.52,3.151,3.1015,6.154,6.166,6.16,0.856,0.797,0.8265,2.706,2.689,2.6975,1.749,1.452,1.6005,2.233,2.467,2.35,2332.365,2963.663,0.786987252,3,"",30.52,0.858445768624471,0.324853645556147
"44","BC45",125.61,0.345354669,38,"solidissima",4.338,43.38,4.135,4.2365,8.529,8.16,8.3445,1.182,1.131,1.1565,3.664,3.643,3.6535,2.35,2.112,2.231,3.14,3.209,3.1745,2442.478,2976.189,0.820673015,5,"",43.38,0.858445768624471,0.345354669214235
"45","BC46",111.96,0.310021436,38,"solidissima",3.471,34.71,3.544,3.5075,7.126,7.126,7.126,1.047,0.985,1.016,3.308,3.417,3.3625,2.319,1.801,2.06,2.692,2.644,2.668,2634.274,3107.205,0.847795366,5,"",34.71,0.858445768624471,0.310021436227224
"46","BC47",121.28,0.322724274,38,"solidissima",3.914,39.14,3.741,3.8275,7.735,7.507,7.621,1.1,1.011,1.0555,3.832,3.642,3.737,2.455,1.883,2.169,2.813,2.797,2.805,2462.204,3136.312,0.785063476,5,"",39.14,0.858445768624471,0.322724274406332
"47","BC48",120.69,0.338056177,38,"solidissima",4.08,40.8,3.84,3.96,7.957,7.735,7.846,1.144,1.034,1.089,4.075,3.766,3.9205,2.613,1.944,2.2785,2.639,2.954,2.7965,2227.717,2758.351,0.807626368,5,"",40.8,0.858445768624471,0.338056176982351
"48","BC49",117.34,0.323589569,38,"solidissima",3.797,37.97,3.692,3.7445,8.012,8.141,8.0765,1.154,1.057,1.1055,3.885,3.773,3.829,2.36,1.875,2.1175,3.139,3.07,3.1045,2446.385,2902.727,0.842788523,5,"",37.97,0.858445768624471,0.323589568774501
"49","BC50",102.66,0.328560296,38,"solidissima",3.373,33.73,3.288,3.3305,6.818,6.843,6.8305,1.003,0.961,0.982,3.096,3.03,3.063,2.017,1.695,1.856,2.416,2.525,2.4705,2418.496,3123.56,0.774275506,4,"",33.73,0.858445768624471,0.328560296123125
"50","BC51",111.18,0.34367692,38,"solidissima",3.821,38.21,3.803,3.812,7.44,7.384,7.412,1.032,0.854,0.943,3.363,3.239,3.301,2.201,2.626,2.4135,2.829,1.552,2.1905,2415.988,3230.248,0.747926475,5,"",38.21,0.858445768624471,0.343676920309408
"51","BC52",97.68,0.306203931,38,"solidissima",2.991,29.91,3.2,3.0955,6.892,6.732,6.812,0.945,0.953,0.949,3,3.025,3.0125,2,1.523,1.7615,2.262,2.097,2.1795,2335.648,3217.717,0.725871169,4,"",29.91,0.858445768624471,0.306203931203931
"52","BC53",99.16,0.335114966,38,"solidissima",3.323,33.23,3.286,3.3045,6.553,6.584,6.5685,0.838,0.785,0.8115,3.097,3.066,3.0815,1.935,1.434,1.6845,2.365,2.307,2.336,2149.238,2695.074,0.797469012,3,"",33.23,0.858445768624471,0.335114965711981
"54","C1N_1_2",73,0.381506849,18.97729,"similis",2.785,27.85,NA,NA,5.093,3.209,4.151,0.715,0.468,0.5915,2.236,2.186,2.211,1.468,1.125,1.2965,1.796,1.522,1.659,1899.921,2884.614,0.658639596,2,"",27.85,0.881054650148979,0.381506849315069
"56","C1N_1_4",61,0.365737705,18.97729,"similis",2.231,22.31,2.308,2.2695,4.169,4.169,4.169,0.528,0.518,0.523,1.772,1.813,1.7925,1.311,1.053,1.182,1.451,1.403,1.427,1202.449,1974.943,0.608852509,1,"",22.31,0.881054650148979,0.365737704918033
"57","C1N_1_5",75,0.388,18.97729,"similis",2.91,29.1,2.999,2.9545,5.289,5.352,5.3205,0.707,0.662,0.6845,2.32,2.439,2.3795,1.511,1.239,1.375,1.743,2.005,1.874,1426.648,2306.236,0.618604514,2,"",29.1,0.881054650148979,0.388
"58","C1N_2_1",105,0,29.35647,"similis",3.834,NA,7.189,NA,7.189,7.112,NA,0.993,1.051,NA,3.18,3.331,NA,2.326,1.944,NA,2.678,2.853,NA,2094.565,3008.976,0.696105585,5,"",38.34,0.881054650148979,0.365142857142857
"59","C1N_2_2",90,0.362555556,29.35647,"similis",3.263,32.63,3.316,3.2895,6.218,6.346,6.282,0.839,0.839,0.839,3.039,3.363,3.201,2.027,1.355,1.691,2.053,2.287,2.17,1633.111,2420.897,0.674589212,4,"",32.63,0.881054650148979,0.362555555555556
"63","C1S_2_1",81,0.387407407,24.61654,"similis",3.138,31.38,3.151,3.1445,5.774,5.646,5.71,0.814,0.849,0.8315,2.409,2.701,2.555,1.8,1.355,1.5775,1.79,2.045,1.9175,1561.442,2281.557,0.684375626,4,"",31.38,0.881054650148979,0.387407407407407
"73","C2N_1_2",90,0.359333333,30.96265,"similis",3.234,32.34,NA,NA,6.044,NA,NA,0.827,NA,NA,2.533,NA,NA,NA,NA,NA,2.116,NA,NA,1807.125,2403.019,0.752022768,2,"",32.34,0.881054650148979,0.359333333333333
"76","C2N_2_1",87,0.345632184,20.29322,"similis",3.007,30.07,2.978,2.9925,5.942,5.912,5.927,0.816,0.766,0.791,2.485,2.63,2.5575,1.763,1.624,1.6935,2.073,2.333,2.203,1890.952,2663.776,0.709876506,2,"",30.07,0.881054650148979,0.345632183908046
"77","C2N_2_2",87,0.362528736,20.29322,"similis",3.154,31.54,3.192,3.173,6.105,6.105,6.105,0.785,0.725,0.755,2.836,2.972,2.904,1.884,1.394,1.639,2.036,2.289,2.1625,1641.493,2276.071,0.721195868,2,"",31.54,0.881054650148979,0.362528735632184
"78","C2N_2_3",55,0.329090909,20.29322,"similis",1.81,18.1,NA,NA,3.817,NA,NA,0.396,NA,NA,1.39,NA,NA,NA,NA,NA,1.27,NA,NA,1464.488,2297.966,0.637297506,1,"",18.1,0.881054650148979,0.329090909090909
"81","C2S_1_1",93,0.327741935,27.40393,"similis",3.048,30.48,2.974,3.011,6.052,6.067,6.0595,0.993,0.976,0.9845,2.983,2.95,2.9665,1.852,1.53,1.691,2.216,2.424,2.32,1876.832,2246.536,0.835433752,9,"",30.48,0.881054650148979,0.327741935483871
"84","C2S_1_2_SMALL",34,0.366470588,27.40393,"similis",1.246,12.46,1.311,1.2785,2.377,2.369,2.373,0.291,0.279,0.285,1.012,1.077,1.0445,0.814,0.598,0.706,0.834,0.956,0.895,1425.623,2474.065,0.576226979,1,"",12.46,0.881054650148979,0.366470588235294
"87","C2S_1_4",93,0.312365591,27.40393,"similis",2.905,29.05,3.19,3.0475,6.228,6.506,6.367,1.114,1.109,1.1115,3.349,3.581,3.465,2.266,1.672,1.969,2.556,2.615,2.5855,1946.099,2618.473,0.743219044,9,"",29.05,0.881054650148979,0.312365591397849
"88","C2S_1_4_SMALL",35,0.403428571,27.40393,"similis",1.412,14.12,1.37,1.391,2.554,2.567,2.5605,0.321,0.332,0.3265,1.121,1.286,1.2035,0.868,0.695,0.7815,1.121,0.922,1.0215,1498.833,2551.064,0.587532496,1,"",14.12,0.881054650148979,0.403428571428571
"90","C2S_1_5_SMALL",28,0.421071429,27.40393,"similis",1.179,11.79,1.089,1.134,1.93,1.922,1.926,0.245,0.218,0.2315,0.929,0.929,0.929,0.611,0.551,0.581,0.734,0.81,0.772,1261.784,2480.181,0.508746741,1,"",11.79,0.881054650148979,0.421071428571429
"92","C2S_3_2",79,0.347594937,34.40608,"similis",2.746,27.46,2.753,2.7495,5.346,5.375,5.3605,0.866,0.898,0.882,2.351,2.717,2.534,1.626,1.452,1.539,2.333,2.229,2.281,2108.744,2870.627,0.734593523,3,"",27.46,0.881054650148979,0.347594936708861
"93","C2S_3_3",80,0.380875,34.40608,"similis",3.047,30.47,3.017,3.032,5.737,5.722,5.7295,0.836,0.896,0.866,2.702,2.925,2.8135,1.744,1.282,1.513,2.125,1.975,2.05,2220.276,2681.529,0.827988808,3,"",30.47,0.881054650148979,0.380875
"95","C2S_3_5",99,0.314343434,34.40608,"similis",3.112,31.12,3.316,3.214,7.053,6.995,7.024,1.147,1.089,1.118,3.372,3.339,3.3555,2.162,1.764,1.963,2.576,2.738,2.657,2062.044,3026.45,0.681340845,6,"",31.12,0.881054650148979,0.314343434343434
"97","C3N_1_2",87,0.349425287,28.83831,"similis",3.04,30.4,3.027,3.0335,6.041,6.041,6.041,0.692,0.683,0.6875,2.75,2.892,2.821,1.752,1.294,1.523,1.815,2.227,2.021,1480.54,2429.897,0.609301547,2,"",30.4,0.881054650148979,0.349425287356322
"99","C3N_1_4",85,0.408470588,28.83831,"similis",3.472,34.72,3.136,3.304,5.936,NA,NA,0.821,NA,NA,2.798,NA,NA,NA,NA,NA,2.277,NA,NA,2199.682,2824.907,0.77867413,3,"",34.72,0.881054650148979,0.408470588235294
"100","C3N_1_5",85,0.379411765,28.83831,"similis",3.225,32.25,3.225,3.225,5.754,5.83,5.792,0.753,0.684,0.7185,2.687,2.758,2.7225,1.722,1.443,1.5825,1.934,2.157,2.0455,1535.741,2364.847,0.649403957,2,"",32.25,0.881054650148979,0.379411764705882
"107","C3N_3_3",78,0.370512821,25.59675,"similis",2.89,28.9,2.93,NA,3.807,3.812,3.8095,0.481,0.449,0.465,1.665,1.853,1.759,1.187,0.93,1.0585,1.276,1.546,1.411,1714.205,2781.528,0.61628177,3,"",28.9,0.881054650148979,0.370512820512821
"110","C3S_1_1",85,0.340941176,26.2149,"similis",2.898,28.98,2.898,2.898,6.061,6.137,6.099,0.942,0.883,0.9125,3.033,3.047,3.04,1.951,1.308,1.6295,2.345,2.217,2.281,2020.6,2762.607,0.731410584,9,"",28.98,0.881054650148979,0.340941176470588
"112","C3S_1_3",90,0.339,26.2149,"similis",3.051,30.51,3.104,NA,6.478,6.452,6.465,0.895,0.963,0.929,3.023,3.195,3.109,2.036,1.685,1.8605,2.447,2.526,2.4865,2046.583,2815.191,0.726978383,4,"",30.51,0.881054650148979,0.339
"114","C3S_1_5",82,0.322073171,26.2149,"similis",2.641,26.41,2.693,2.667,5.815,5.867,5.841,0.934,0.898,0.916,2.549,2.925,2.737,1.893,1.396,1.6445,1.85,2.138,1.994,1736.779,2143.735,0.810164969,4,"",26.41,0.881054650148979,0.322073170731707
"116","C3S_2_2",82,0.36402439,26.2149,"similis",2.985,29.85,2.852,2.9185,5.822,5.807,5.8145,0.865,0.802,0.8335,2.596,2.672,2.634,1.645,1.391,1.518,2.061,2.259,2.16,1680.811,2280.373,0.737077224,4,"",29.85,0.881054650148979,0.364024390243902
"119","C3S_2_5",66,0.352272727,26.2149,"similis",2.325,23.25,2.355,2.34,4.219,4.267,4.243,0.632,0.609,0.6205,2.073,2.156,2.1145,1.337,1.226,1.2815,1.41,1.814,1.612,1447.178,2273.351,0.636583616,1,"",23.25,0.881054650148979,0.352272727272727
"120","C3S_3_1",82,0.348414634,26.2149,"similis",2.857,28.57,2.85,2.8535,5.611,5.721,5.666,0.782,0.755,0.7685,2.478,2.868,2.673,1.817,1.616,1.7165,1.95,2.182,2.066,1853.004,2680.616,0.691260516,4,"",28.57,0.881054650148979,0.348414634146341
"122","C3S_3_3",51,0.364509804,26.2149,"similis",1.859,18.59,1.697,1.778,3.525,3.535,3.53,0.548,0.5,0.524,1.667,1.714,1.6905,1.074,0.9,0.987,1.456,1.214,1.335,1836.253,3012.146,0.609616201,1,"",18.59,0.881054650148979,0.364509803921569
"123","C3S_3_4",77,0.346753247,26.2149,"similis",2.67,26.7,NA,NA,5.031,NA,NA,0.838,NA,NA,2.49,NA,NA,NA,NA,NA,1.641,NA,NA,1662.077,2555.827,0.650308882,3,"",26.7,0.881054650148979,0.346753246753247
"125","CC01",107.31,0.297828721,38,"solidissima",3.196,31.96,3.397,3.2965,6.685,6.685,6.685,1.05,1.062,1.056,3.033,3.322,3.1775,2.218,1.761,1.9895,2.647,2.58,2.6135,2770.018,3148.603,0.879760961,7,"",31.96,0.858445768624471,0.297828720529308
"127","CC03",109.17,0.300632042,38,"solidissima",3.282,32.82,3.331,3.3065,6.746,6.649,6.6975,1.023,1.005,1.014,3.435,3.349,3.392,2.091,1.645,1.868,2.465,2.509,2.487,2262.831,2339.757,0.967122227,8,"",32.82,0.858445768624471,0.300632041769717
"128","CC04",98.15,0.347427407,38,"similis",3.41,34.1,3.349,3.3795,6.283,6.113,6.198,0.986,0.956,0.971,3.167,3.078,3.1225,1.986,1.673,1.8295,2.348,2.347,2.3475,2178.004,2852.227,0.763615238,9,"",34.1,0.881054650148979,0.347427407030056
"129","CC05",98.18,0.305051945,38,"solidissima",2.995,29.95,2.898,2.9465,6.697,6.588,6.6425,0.999,0.988,0.9935,3.323,3.267,3.295,2.056,1.766,1.911,2.504,2.604,2.554,2118.584,2843.449,0.745075435,7,"",29.95,0.858445768624471,0.305051945406396
"130","CC06",79.46,0.306443494,38,"solidissima",2.435,24.35,2.411,2.423,5.346,5.236,5.291,0.796,0.679,0.7375,2.458,2.451,2.4545,1.672,1.448,1.56,1.847,2.186,2.0165,2046.192,2762.68,0.740654727,8,"",24.35,0.858445768624471,0.306443493581676
"131","CC07",89.29,0.30686527,38,"solidissima",2.74,27.4,3.215,2.9775,5.894,6.082,5.988,0.873,0.79,0.8315,2.807,2.739,2.773,1.901,1.587,1.744,2.222,2.147,2.1845,1687.157,2851.215,0.591732647,9,"",27.4,0.858445768624471,0.306865270467018
"132","CC08",94.4,0.292902542,38,"solidissima",2.765,27.65,2.995,2.88,6.174,6.028,6.101,0.952,0.974,0.963,3.226,3.072,3.149,1.943,1.499,1.721,2.227,2.228,2.2275,2030.105,3282.293,0.618502065,8,"",27.65,0.858445768624471,0.292902542372881
"133","CC09",97.21,0.323217776,38,"solidissima",3.142,31.42,2.947,3.0445,6.466,6.368,6.417,0.919,0.85,0.8845,2.954,2.945,2.9495,2.018,1.407,1.7125,2.326,2.246,2.286,2184.491,3199.391,0.68278338,8,"",31.42,0.858445768624471,0.323217775948976
"134","CC10",97.82,0.309957064,38,"solidissima",3.032,30.32,2.849,2.9405,6.502,6.484,6.493,1.094,0.975,1.0345,3.413,3.224,3.3185,2.083,1.706,1.8945,2.389,2.549,2.469,2521.16,3471.473,0.726250787,6,"",30.32,0.858445768624471,0.309957063995093
"135","CC11",92.76,0.304549375,38,"solidissima",2.825,28.25,2.846,2.8355,6.101,6.088,6.0945,0.89,0.851,0.8705,2.778,2.968,2.873,2.05,1.458,1.754,2.355,2.355,2.355,2184.033,2686.001,0.813116972,8,"",28.25,0.858445768624471,0.304549374730487
"136","CC12",99.24,0.305521967,38,"solidissima",3.032,30.32,3.164,NA,6.265,6.381,6.323,0.935,0.873,0.904,2.916,3.041,2.9785,1.522,1.587,1.5545,2.193,2.395,2.294,1911.282,2673.013,0.71502907,8,"",30.32,0.858445768624471,0.305521966948811
"137","CC13",98.55,0.303906646,38,"solidissima",2.995,29.95,3.105,3.05,6.484,6.393,6.4385,1.043,0.977,1.01,3.168,3.15,3.159,2.052,1.844,1.948,2.535,2.813,2.674,2019.554,2731.977,0.739228039,8,"",29.95,0.858445768624471,0.3039066463724
"138","CC14",97.21,0.323217776,38,"solidissima",3.142,31.42,3.008,3.075,6.594,6.478,6.536,1.088,1.006,1.047,2.916,2.966,2.941,1.982,1.659,1.8205,2.509,2.44,2.4745,2506.472,3199.789,0.78332415,7,"",31.42,0.858445768624471,0.323217775948976
"139","CC15",91.12,0.270632133,38,"solidissima",2.466,24.66,2.411,2.4385,6.028,5.93,5.979,0.87,0.822,0.846,3.016,2.984,3,1.848,1.45,1.649,2.12,2.314,2.217,2453.447,2838.212,0.864434017,9,"",24.66,0.858445768624471,0.270632133450395
"141","CC17",100.21,0.301367129,38,"solidissima",3.02,30.2,3.02,3.02,6.649,6.673,6.661,0.996,0.934,0.965,2.916,3.144,3.03,2.043,1.589,1.816,2.297,2.674,2.4855,2200.954,2778.939,0.792012347,8,"",30.2,0.858445768624471,0.301367129029039
"142","CC18",91.37,0.301849622,38,"solidissima",2.758,27.58,2.849,2.8035,6.046,6.04,6.043,0.922,0.923,0.9225,2.812,3.115,2.9635,2.059,1.418,1.7385,2.011,2.469,2.24,2243.212,2850.702,0.786898104,7,"",27.58,0.858445768624471,0.301849622414359
"143","CC19",102.91,0.286366728,38,"solidissima",2.947,29.47,2.947,2.947,6.795,6.722,6.7585,1.061,0.953,1.007,2.029,3.193,2.611,2.152,1.676,1.914,2.36,2.509,2.4345,2312.618,3067.849,0.753823933,8,"",29.47,0.858445768624471,0.286366728209115
"144","CC20",103.33,0.31578438,38,"solidissima",3.263,32.63,3.531,3.397,6.977,6.929,6.953,1.126,0.981,1.0535,3.411,3.282,3.3465,2.087,1.793,1.94,2.358,2.391,2.3745,2231.815,2747.544,0.812294544,7,"",32.63,0.858445768624471,0.315784380141295
"145","CC21",91.98,0.304957599,38,"solidissima",2.805,28.05,2.92,2.8625,5.96,5.912,5.936,0.86,0.916,0.888,2.853,3.03,2.9415,2.021,1.624,1.8225,2.2,2.205,2.2025,2317.089,2829.081,0.81902533,8,"",28.05,0.858445768624471,0.304957599478147
"146","CC22",94.59,0.3102865,38,"solidissima",2.935,29.35,2.922,2.9285,6.137,5.967,6.052,1.022,0.921,0.9715,2.833,2.885,2.859,1.862,1.501,1.6815,2.389,2.342,2.3655,2243.502,2378.76,0.943139283,8,"",29.35,0.858445768624471,0.310286499629982
"147","CC23",71.68,0.296456473,38,"solidissima",2.125,21.25,2.167,2.146,4.7,4.554,4.627,0.663,0.648,0.6555,2.466,2.38,2.423,1.402,1.245,1.3235,1.86,2.016,1.938,1492.322,2426.01,0.615134315,8,"",21.25,0.858445768624471,0.296456473214286
"148","CC24",101.89,0.284424379,38,"solidissima",2.898,28.98,2.959,2.9285,6.697,6.6,6.6485,0.956,0.843,0.8995,3.46,3.284,3.372,1.997,1.664,1.8305,2.418,2.276,2.347,1972.942,2634.008,0.749026579,7,"",28.98,0.858445768624471,0.284424379232506
"149","CC25",88.26,0.318717426,38,"solidissima",2.813,28.13,2.788,2.8005,5.772,5.821,5.7965,0.863,0.86,0.8615,2.904,2.816,2.86,1.822,1.577,1.6995,2.365,2.454,2.4095,1965.401,2534.033,0.775601975,8,"",28.13,0.858445768624471,0.318717425787446
"150","CC26",101.74,0.323176725,38,"solidissima",3.288,32.88,3.3,3.294,6.916,6.746,6.831,1.031,1.022,1.0265,2.986,3.259,3.1225,2.239,1.844,2.0415,2.539,2.431,2.485,2425.387,3049.303,0.795390619,7,"",32.88,0.858445768624471,0.323176724985257
"151","CC27",86.4,0.315740741,38,"solidissima",2.728,27.28,2.874,2.801,5.626,5.638,5.632,0.876,0.814,0.845,2.675,2.602,2.6385,1.727,1.531,1.629,2.202,2.152,2.177,1980.808,2486.544,0.796610878,8,"",27.28,0.858445768624471,0.315740740740741
"152","CC28",97.27,0.32856996,38,"solidissima",3.196,31.96,2.977,3.0865,6.283,6.265,6.274,0.935,0.911,0.923,3.059,3.086,3.0725,1.959,1.714,1.8365,2.427,2.657,2.542,2451.775,3066.794,0.799458653,6,"",31.96,0.858445768624471,0.328569959905418
"153","CC29",110.17,0.311609331,38,"solidissima",3.433,34.33,3.155,3.294,6.867,7.036,6.9515,1.074,1.02,1.047,3.532,3.545,3.5385,2.368,1.969,2.1685,2.403,2.907,2.655,2431.013,2710.295,0.896955129,8,"",34.33,0.858445768624471,0.311609331033857
"154","CC30",92.31,0.299425848,38,"solidissima",2.764,27.64,2.764,2.764,5.918,5.918,5.918,0.878,0.858,0.868,2.884,2.964,2.924,1.888,2.558,2.223,2.478,1.568,2.023,2180,2708.367,0.804913071,8,"",27.64,0.858445768624471,0.299425847687141
"155","CC31",98.35,0.325571937,38,"solidissima",3.202,32.02,3.093,3.1475,6.247,6.344,6.2955,0.961,0.865,0.913,NA,3.01,NA,2.174,1.649,1.9115,2.225,2.313,2.269,2035.78,2745.779,0.741421651,7,"",32.02,0.858445768624471,0.325571936959837
"156","CC32",101.07,0.31443554,38,"solidissima",3.178,31.78,3.215,3.1965,6.649,6.575,6.612,1.068,1.063,1.0655,3.204,3.495,3.3495,2.215,1.75,1.9825,2.434,2.556,2.495,2345.805,3117.563,0.752448307,9,"",31.78,0.858445768624471,0.314435539724943
"157","CC33",88.51,0.292961247,38,"solidissima",2.593,25.93,2.599,2.596,6.039,6.045,6.042,0.965,0.914,0.9395,2.84,2.822,2.831,1.793,1.653,1.723,2.327,2.3,2.3135,1894.017,2909.798,0.650910132,7,"",25.93,0.858445768624471,0.292961247316687
"158","CC34",99.3,0.321248741,38,"solidissima",3.19,31.9,3.3,3.245,6.515,6.588,6.5515,1.01,0.89,0.95,3.182,3.017,3.0995,1.969,1.638,1.8035,2.363,2.819,2.591,2344.408,2701.416,0.867844123,8,"",31.9,0.858445768624471,0.321248741188318
"159","CC35",100.21,0.318331504,38,"solidissima",3.19,31.9,2.995,3.0925,6.6,6.448,6.524,1.12,1.019,1.0695,2.967,2.208,2.5875,2.141,1.64,1.8905,2.292,2.804,2.548,2057.79,2891.09,0.711769609,7,"",31.9,0.858445768624471,0.318331503841932
"160","CC36",103.16,0.3292943,38,"solidissima",3.397,33.97,3.41,3.4035,6.996,6.843,6.9195,1.042,0.949,0.9955,3.382,3.447,3.4145,2.116,1.606,1.861,2.458,2.676,2.567,2374.131,3225.182,0.736123109,6,"",33.97,0.858445768624471,0.329294300116324
"161","CC37",88.15,0.321837777,38,"solidissima",2.837,28.37,2.874,2.8555,5.954,6.088,6.021,0.895,0.82,0.8575,2.697,2.718,2.7075,1.808,1.751,1.7795,2.339,2.409,2.374,2165.364,3094.98,0.699637477,4,"",28.37,0.858445768624471,0.3218377765173
"162","CC38",102.99,0.326342363,38,"solidissima",3.361,33.61,3.379,3.37,6.667,6.74,6.7035,0.932,0.92,0.926,3.593,3.513,3.553,2.126,1.765,1.9455,2.479,2.764,2.6215,1774.852,2432.817,0.729546037,8,"",33.61,0.858445768624471,0.326342363336246
"163","CC39",98.89,0.325108707,38,"solidissima",3.215,32.15,3.215,3.215,6.722,6.697,6.7095,1.067,0.976,1.0215,3.157,3.252,3.2045,2.064,1.725,1.8945,2.5,2.625,2.5625,2382.773,2969.637,0.97866243,8,"",32.15,0.858445768624471,0.325108706643746
"164","CC41",90.33,0.284401638,38,"solidissima",2.569,25.69,2.448,2.5085,6.028,5.881,5.9545,0.978,0.878,0.928,2.851,3.223,3.037,2.025,1.694,1.8595,2.335,2.551,2.443,2265.27,3029.079,0.747841175,8,"",25.69,0.858445768624471,0.284401638436843
"165","CC42",90.29,0.279875955,38,"solidissima",2.527,25.27,2.587,2.557,5.634,5.658,5.646,0.858,0.791,0.8245,2.798,3.001,2.8995,1.857,1.595,1.726,2.16,2.185,2.1725,2010.995,2741.697,0.733485502,8,"",25.27,0.858445768624471,0.279875955255289
"166","CC43",86,0.318604651,38,"solidissima",2.74,27.4,2.74,2.74,5.614,5.54,5.577,0.803,0.785,0.794,2.421,2.368,2.3945,1.716,1.591,1.6535,2.147,2.233,2.19,1935.82,2739.416,0.706654265,7,"",27.4,0.858445768624471,0.318604651162791
"167","CC44",98.94,0.315039418,38,"solidissima",3.117,31.17,3.069,3.093,6.283,6.198,6.2405,1.012,0.975,0.9935,3.212,3.243,3.2275,2.094,1.655,1.8745,2.373,2.588,2.4805,2382.567,3042.17,0.783180098,6,"",31.17,0.858445768624471,0.315039417828987
"168","CC45",94.14,0.285213512,38,"solidissima",2.685,26.85,2.74,2.7125,6.301,6.21,6.2555,1.035,0.845,0.94,3.085,2.89,2.9875,2.04,1.677,1.8585,2.492,2.571,2.5315,1963.855,2785.359,0.705063512,7,"",26.85,0.858445768624471,0.28521351179095
"169","CC46",87.62,0.321045423,38,"solidissima",2.813,28.13,2.813,2.813,5.808,5.735,5.7715,0.878,0.854,0.866,2.041,2.913,2.477,1.943,1.423,1.683,2.287,2.456,2.3715,2085.977,2633.107,0.792211255,8,"",28.13,0.858445768624471,0.321045423419311
"170","CC47",98.63,0.324039339,38,"solidissima",3.196,31.96,2.997,NA,6.265,6.338,6.3015,0.982,0.926,0.954,2.957,3.002,2.9795,1.919,1.677,1.798,2.424,2.407,2.4155,2113.67,2449.347,0.862952452,8,"",31.96,0.858445768624471,0.324039338943526
"171","CC48",98.09,0.31471098,38,"solidissima",3.087,30.87,2.941,3.014,6.484,6.557,6.5205,1.037,1.067,1.052,3.356,3.27,3.313,1.919,1.568,1.7435,2.922,2.713,2.8175,2472.974,3429.65,0.721057251,8,"",30.87,0.858445768624471,0.314710979712509
"172","CC49",83.94,0.293781272,38,"solidissima",2.466,24.66,2.557,2.5115,5.863,5.717,5.79,0.767,0.782,0.7745,2.657,2.813,2.735,1.856,1.519,1.6875,2.179,2.332,2.2555,2263.852,3003.073,0.753845145,7,"",24.66,0.858445768624471,0.293781272337384
"173","CC50",91.72,0.260902747,38,"solidissima",2.393,23.93,2.575,2.484,6.119,6.101,6.11,0.885,0.861,0.873,2.941,2.974,2.9575,1.938,1.413,1.6755,2.215,2.322,2.2685,1747.863,2549.142,0.685667177,8,"",23.93,0.858445768624471,0.260902747492368
"178","CVOW_02_SC_05",91,0.362087912,30.30265,"similis",3.295,32.95,3.514,3.4045,6.436,6.481,6.4585,0.985,0.945,0.965,3.111,3.664,3.3875,1.916,1.676,1.796,2.251,2.732,2.4915,1979.52,2566.749,0.771216819,5,"*was 3",32.95,0.881054650148979,0.362087912087912
"184","CVOW_06_SC_01",86,0.363604651,27.74315,"similis",3.127,31.27,3.262,3.1945,6.055,6.157,6.106,0.785,0.755,0.77,2.749,3.031,2.89,1.852,1.706,1.779,2.123,2.273,2.198,2034.822,2436.062,0.835291548,6,"",31.27,0.881054650148979,0.363604651162791
"185","CVOW_06_SC_02",68,0.3675,27.74315,"similis",2.499,24.99,2.375,2.437,NA,4.709,NA,0.601,0.612,0.6065,2.105,2.457,2.281,1.522,1.124,1.323,1.701,1.582,1.6415,1355.083,2092.283,0.647657607,1,"",24.99,0.881054650148979,0.3675
"186","CVOW_06_SC_03",80,0.35825,27.74315,"similis",2.866,28.66,2.776,2.821,5.418,5.567,5.4925,0.788,0.77,0.779,2.575,2.731,2.653,1.696,1.435,1.5655,2.15,2.199,2.1745,1820.824,2636.423,0.690641828,1,"",28.66,0.881054650148979,0.35825
"189","CVOW_07_SC_01",80,0.338625,29.8102,"similis",2.709,27.09,2.825,2.767,5.637,5.727,5.682,0.818,0.761,0.7895,2.528,2.613,2.5705,1.644,1.528,1.586,1.881,2.089,1.985,1700.176,2331.593,0.729190729,3,"",27.09,0.881054650148979,0.338625
"190","CVOW_07_SC_02",78,0.363974359,29.8102,"similis",2.839,28.39,2.752,2.7955,5.122,5.147,5.1345,0.751,0.744,0.7475,2.326,2.568,2.447,1.629,1.32,1.4745,2.206,2.372,2.289,1690.089,2334.272,0.724032589,3,"",28.39,0.881054650148979,0.363974358974359
"192","CVOW_07_SC_04",72,0.353194444,29.8102,"similis",2.543,25.43,2.517,2.53,5.072,5.188,5.13,0.695,0.672,0.6835,2.362,2.481,2.4215,1.564,1.462,1.513,2.088,2.069,2.0785,1291.559,2099.577,0.615152004,2,"",25.43,0.881054650148979,0.353194444444444
"195","CVOW_08_SC_02",82,0.365,29.00212,"similis",2.993,29.93,3.051,3.022,5.666,5.695,5.6805,0.799,0.794,0.7965,2.503,2.436,2.4695,1.511,1.4,1.4555,1.927,2.156,2.0415,1832.88,2105.291,0.870606486,4,"",29.93,0.881054650148979,0.365
"196","CVOW_08_SC_03",79,0.362531646,29.00212,"similis",2.864,28.64,2.802,2.833,5.556,5.599,5.5775,0.708,0.674,0.691,2.407,2.636,2.5215,1.731,1.315,1.523,1.946,2.095,2.0205,1416.351,2204.28,0.642545865,3,"",28.64,0.881054650148979,0.36253164556962
"197","CVOW_08_SC_04",82,0.339878049,29.00212,"similis",2.787,27.87,3.015,2.901,5.55,5.642,5.596,0.76,0.787,0.7735,2.749,2.873,2.811,1.865,1.267,1.566,2.099,2.172,2.1355,1662.374,2331.367,0.713046895,4,"",27.87,0.881054650148979,0.339878048780488
"199","CVOW_09_SC_01",68,0.376470588,24.03215,"similis",2.56,25.6,2.553,2.5565,4.937,4.931,4.934,0.616,0.549,0.5825,1.946,2.156,2.051,1.372,1.225,1.2985,1.751,1.76,1.7555,1206.961,2061.91,0.585360661,1,"",25.6,0.881054650148979,0.376470588235294
"201","CVOW_09_SC_03",71,0.351408451,24.03215,"similis",2.495,24.95,NA,NA,4.979,NA,NA,0.684,0.541,0.6125,2.098,2.227,2.1625,1.265,1.267,1.266,1.709,2.059,1.884,1324.861,1984.207,0.667703017,2,"",24.95,0.881054650148979,0.351408450704225
"203","CVOW_09_SC_05",75,0.370533333,24.03215,"similis",2.779,27.79,2.877,2.828,5.461,5.519,5.49,0.725,0.68,0.7025,2.441,2.628,2.5345,1.539,1.333,1.436,2.128,2.208,2.168,1543.575,2247.471,0.686805302,2,"",27.79,0.881054650148979,0.370533333333333
"210","CVOW_11_2",70,0.344142857,30.251,"similis",2.409,24.09,2.35,2.3795,4.729,4.751,4.74,0.677,0.678,0.6775,2.345,2.462,2.4035,1.515,1.225,1.37,1.851,1.841,1.846,1172.007,2156.78,0.543405911,1,"",24.09,0.881054650148979,0.344142857142857
"212","CVOW_11_4",63,0.39047619,30.251,"similis",2.46,24.6,2.34,2.4,4.576,4.576,4.576,0.552,0.562,0.557,1.963,2.102,2.0325,1.501,1.119,1.31,1.578,1.662,1.62,1438.089,2095.644,0.686227718,1,"",24.6,0.881054650148979,0.39047619047619
"213","CVOW_11_5",76,0.331710526,30.251,"similis",2.521,25.21,2.717,2.619,5.336,5.326,5.331,0.577,0.689,0.633,2.466,2.622,2.544,1.641,1.201,1.421,1.732,1.7,1.716,1651.969,2499.54,0.660909207,2,"",25.21,0.881054650148979,0.33171052631579
"214","CVOW_12_1",68,0.336764706,24.03215,"similis",2.29,22.9,2.324,2.307,4.53,4.614,4.572,0.523,0.497,0.51,2.014,2.218,2.116,1.334,1.193,1.2635,1.774,1.781,1.7775,1124.5,1860.376,0.604447703,1,"",22.9,0.881054650148979,0.336764705882353
"216","CVOW_12_3",83,0.373614458,24.03215,"similis",3.101,31.01,3.07,3.0855,5.859,5.99,5.9245,0.882,0.935,0.9085,2.978,3.153,3.0655,2.08,1.531,1.8055,2.238,2.266,2.252,1893,2840.832,0.666354082,5,"",31.01,0.881054650148979,0.373614457831325
"220","CVOW_13_2",88,0.36375,28.81299,"similis",3.201,32.01,3.276,3.2385,6.376,6.364,6.37,0.946,0.88,0.913,3.394,3.3,3.347,1.99,1.434,1.712,2.249,2.28,2.2645,2152.516,2529.57,0.850941464,3,"",32.01,0.881054650148979,0.36375
"222","CVOW_13_4",73,0.368219178,28.81299,"similis",2.688,26.88,2.625,2.6565,5.312,5.302,5.307,0.684,0.582,0.633,2.292,2.466,2.379,1.502,1.568,1.535,2.017,2.108,2.0625,1005.311,2104.311,0.477738794,2,"",26.88,0.881054650148979,0.368219178082192
"224","CVOW_15_1",85,0.315058824,30.95031,"similis",2.678,26.78,3.117,2.8975,5.858,5.976,5.917,0.865,0.817,0.841,2.949,3.211,3.08,1.935,1.44,1.6875,2.359,2.279,2.319,1797.776,2519.112,0.713654653,3,"",26.78,0.881054650148979,0.315058823529412
"225","CVOW_15_2",72,0.352222222,30.95031,"similis",2.536,25.36,2.736,2.636,4.947,4.991,4.969,0.647,0.67,0.6585,2.427,2.522,2.4745,1.531,1.296,1.4135,1.83,2.018,1.924,1637.681,2280.022,0.71827421,2,"",25.36,0.881054650148979,0.352222222222222
"226","CVOW_15_3",85,0.333294118,30.95031,"solidissima",2.833,28.33,2.782,2.8075,6.077,4.872,5.4745,0.872,0.876,0.874,2.791,2.814,2.8025,1.778,1.449,1.6135,2.268,2.238,2.253,1905.597,2585.208,0.737115544,3,"",28.33,0.858445768624471,0.333294117647059
"228","CVOW_15_5",69,0.378550725,30.95031,"similis",2.612,26.12,2.588,2.6,4.691,4.632,4.6615,0.646,0.596,0.621,2.16,2.221,2.1905,1.389,1.179,1.284,1.648,1.787,1.7175,1510.298,2234.323,0.675953298,1,"",26.12,0.881054650148979,0.378550724637681
"229","CVOW_16_1",90,0.348222222,29.63918,"similis",3.134,31.34,3.158,3.146,6.121,6.164,6.1425,0.897,0.868,0.8825,3.472,3.08,3.276,1.927,1.548,1.7375,2.535,2.509,2.522,1938.846,2756.529,0.703364993,4,"",31.34,0.881054650148979,0.348222222222222
"230","CVOW_16_2",81,0.354320988,29.63918,"similis",2.87,28.7,2.831,2.8505,5.566,5.591,5.5785,0.769,0.749,0.759,2.68,2.845,2.7625,1.711,1.485,1.598,2.065,2.129,2.097,1513.382,2161.342,0.70020478,4,"",28.7,0.881054650148979,0.354320987654321
"231","CVOW_16_3",67,0.354179104,29.63918,"similis",2.373,23.73,2.422,2.3975,4.528,4.516,4.522,0.61,0.556,0.583,2.052,2.202,2.127,1.375,1.263,1.319,1.657,1.743,1.7,1408.04,1784.856,0.788881568,1,"",23.73,0.881054650148979,0.354179104477612
"232","CVOW_16_4",67,0.360597015,29.63918,"similis",2.416,24.16,2.343,2.3795,4.528,4.534,4.531,0.592,0.579,0.5855,2.104,2.142,2.123,1.324,1.224,1.274,1.699,1.807,1.753,1341.827,2006.047,0.668891108,1,"",24.16,0.881054650148979,0.360597014925373
"233","CVOW_16_5",91,0.40021978,29.63918,"similis",3.642,36.42,3.666,3.654,5.948,6.057,6.0025,0.86,0.878,0.869,3.001,3.391,3.196,1.999,1.603,1.801,2.325,2.438,2.3815,1882.638,2027.375,0.928608669,4,"",36.42,0.881054650148979,0.40021978021978
"235","CVOW_17_1",75,0.348666667,31.82796,"similis",2.615,26.15,2.564,2.5895,5.128,5.173,5.1505,0.803,0.771,0.787,2.156,2.396,2.276,1.561,1.316,1.4385,1.75,1.973,1.8615,1669.648,2120.053,0.787550123,2,"",26.15,0.881054650148979,0.348666666666667
"237","CVOW_17_3",68,0.345294118,31.82796,"similis",2.348,23.48,2.317,2.3325,4.409,4.463,4.436,0.599,0.592,0.5955,1.936,2.145,2.0405,1.296,1.071,1.1835,1.556,1.556,1.556,1129.292,1917.551,0.588924102,1,"",23.48,0.881054650148979,0.345294117647059
"239","CVOW_17_5",51,0.338627451,31.82796,"solidissima",1.727,17.27,1.761,1.744,3.463,3.526,3.4945,0.433,0.392,0.4125,1.69,1.724,1.707,1.062,0.932,0.997,1.21,1.322,1.266,1772.597,2496.157,0.710130412,1,"",17.27,0.858445768624471,0.338627450980392
"240","CVOW_18_1",85,0.339411765,32.32861,"similis",2.885,28.85,2.943,2.914,5.887,5.901,5.894,0.876,0.895,0.8855,2.868,3.174,3.021,1.756,1.473,1.6145,2.359,2.231,2.295,1673.865,2619.704,0.638951958,4,"",28.85,0.881054650148979,0.339411764705882
"241","CVOW_18_2",85,0.364235294,32.32861,"similis",3.096,30.96,3.037,3.0665,6.104,6.237,6.1705,0.949,0.924,0.9365,2.895,3.019,2.957,1.773,1.629,1.701,2.395,2.271,2.333,2120,2700.208,0.785124702,3,"",30.96,0.881054650148979,0.364235294117647
"242","CVOW_18_3",75,0.37,32.32861,"similis",2.775,27.75,2.905,2.84,4.854,4.806,4.83,0.642,0.633,0.6375,2.336,2.342,2.339,1.512,1.273,1.3925,1.98,1.917,1.9485,1373.608,1963.67,0.69951061,2,"",27.75,0.881054650148979,0.37
"245","CVOW_19_1",100,0.325,37.41023,"similis",3.25,32.5,3.367,3.3085,6.69,6.675,6.6825,0.994,0.859,0.9265,3.031,3.342,3.1865,2.042,1.731,1.8865,2.539,2.435,2.487,1920.026,2504.157,0.766735472,5,"",32.5,0.881054650148979,0.325
"251","CVOW_20_2",71,0.431408451,30.08871,"similis",3.063,30.63,3.219,3.141,6.225,6.163,6.194,0.996,0.765,0.8805,2.868,2.685,2.7765,1.623,1.365,1.494,2.132,2.208,2.17,1417.392,2153.631,0.658140601,2,"",30.63,0.881054650148979,0.431408450704225
"252","CVOW_20_3",69,0.384492754,30.08871,"solidissima",2.653,26.53,2.779,2.716,4.851,4.876,4.8635,0.609,0.606,0.6075,2.094,2.273,2.1835,1.433,1.319,1.376,1.682,1.804,1.743,1454.27,2123.046,0.684992223,1,"",26.53,0.858445768624471,0.384492753623188
